"file","status","findings"
"image-requests/drop-here/90-90-f.png","contact_sheet_screened_not_approved","See ANATOMY-AUDIT.md for flagged depictions and replacement status"
"image-requests/drop-here/active-front-raise-f.png","contact_sheet_screened_not_approved","See ANATOMY-AUDIT.md for flagged depictions and replacement status"
"image-requests/drop-here/active-side-raise-f.png","contact_sheet_screened_not_approved","See ANATOMY-AUDIT.md for flagged depictions and replacement status"
"image-requests/drop-here/ankle-f.png","contact_sheet_screened_not_approved","See ANATOMY-AUDIT.md for flagged depictions and replacement status"
"image-requests/drop-here/arm-circles-f.png","contact_sheet_screened_not_approved","See ANATOMY-AUDIT.md for flagged depictions and replacement status"
"image-requests/drop-here/assisted-pull-f.png","contact_sheet_screened_not_approved","See ANATOMY-AUDIT.md for flagged depictions and replacement status"
"image-requests/drop-here/back-extension.png","contact_sheet_screened_not_approved","See ANATOMY-AUDIT.md for flagged depictions and replacement status"
"image-requests/drop-here/back-extension-f.png","contact_sheet_screened_not_approved","See ANATOMY-AUDIT.md for flagged depictions and replacement status"
"image-requests/drop-here/backpack-hinge-f.png","contact_sheet_screened_not_approved","See ANATOMY-AUDIT.md for flagged depictions and replacement status"
"image-requests/drop-here/backpack-row-f.png","contact_sheet_screened_not_approved","See ANATOMY-AUDIT.md for flagged depictions and replacement status"
"image-requests/drop-here/backpack-squat-f.png","contact_sheet_screened_not_approved","See ANATOMY-AUDIT.md for flagged depictions and replacement status"
"image-requests/drop-here/back-squat.png","contact_sheet_screened_not_approved","See ANATOMY-AUDIT.md for flagged depictions and replacement status"
"image-requests/drop-here/back-squat-f.png","contact_sheet_screened_not_approved","See ANATOMY-AUDIT.md for flagged depictions and replacement status"
"image-requests/drop-here/bag-work-f.png","contact_sheet_screened_not_approved","See ANATOMY-AUDIT.md for flagged depictions and replacement status"
"image-requests/drop-here/band-curl-f.png","contact_sheet_screened_not_approved","See ANATOMY-AUDIT.md for flagged depictions and replacement status"
"image-requests/drop-here/band-row-f.png","contact_sheet_screened_not_approved","See ANATOMY-AUDIT.md for flagged depictions and replacement status"
"image-requests/drop-here/band-walk.png","contact_sheet_screened_not_approved","See ANATOMY-AUDIT.md for flagged depictions and replacement status"
"image-requests/drop-here/band-walk-f.png","contact_sheet_screened_not_approved","See ANATOMY-AUDIT.md for flagged depictions and replacement status"
"image-requests/drop-here/barbell-bench.png","contact_sheet_screened_not_approved","See ANATOMY-AUDIT.md for flagged depictions and replacement status"
"image-requests/drop-here/barbell-bench-f.png","contact_sheet_screened_not_approved","See ANATOMY-AUDIT.md for flagged depictions and replacement status"
"image-requests/drop-here/barbell-curl.png","contact_sheet_screened_not_approved","See ANATOMY-AUDIT.md for flagged depictions and replacement status"
"image-requests/drop-here/barbell-curl-f.png","contact_sheet_screened_not_approved","See ANATOMY-AUDIT.md for flagged depictions and replacement status"
"image-requests/drop-here/barbell-row.png","contact_sheet_screened_not_approved","See ANATOMY-AUDIT.md for flagged depictions and replacement status"
"image-requests/drop-here/barbell-row-f.png","contact_sheet_screened_not_approved","See ANATOMY-AUDIT.md for flagged depictions and replacement status"
"image-requests/drop-here/bear-crawl-f.png","contact_sheet_screened_not_approved","See ANATOMY-AUDIT.md for flagged depictions and replacement status"
"image-requests/drop-here/bear-hug-escape.png","contact_sheet_screened_not_approved","See ANATOMY-AUDIT.md for flagged depictions and replacement status"
"image-requests/drop-here/bear-hug-escape-f.png","contact_sheet_screened_not_approved","See ANATOMY-AUDIT.md for flagged depictions and replacement status"
"image-requests/drop-here/bench-press-f.png","contact_sheet_screened_not_approved","See ANATOMY-AUDIT.md for flagged depictions and replacement status"
"image-requests/drop-here/biceps-curl-f.png","contact_sheet_screened_not_approved","See ANATOMY-AUDIT.md for flagged depictions and replacement status"
"image-requests/drop-here/bike-f.png","contact_sheet_screened_not_approved","See ANATOMY-AUDIT.md for flagged depictions and replacement status"
"image-requests/drop-here/bird-dog-f.png","contact_sheet_screened_not_approved","See ANATOMY-AUDIT.md for flagged depictions and replacement status"
"image-requests/drop-here/bjj-f.png","contact_sheet_screened_not_approved","See ANATOMY-AUDIT.md for flagged depictions and replacement status"
"image-requests/drop-here/body-shots-f.png","contact_sheet_screened_not_approved","See ANATOMY-AUDIT.md for flagged depictions and replacement status"
"image-requests/drop-here/bottle-carry-f.png","contact_sheet_screened_not_approved","See ANATOMY-AUDIT.md for flagged depictions and replacement status"
"image-requests/drop-here/bottle-curl-f.png","contact_sheet_screened_not_approved","See ANATOMY-AUDIT.md for flagged depictions and replacement status"
"image-requests/drop-here/bottle-raise-f.png","contact_sheet_screened_not_approved","See ANATOMY-AUDIT.md for flagged depictions and replacement status"
"image-requests/drop-here/boxing-f.png","contact_sheet_screened_not_approved","See ANATOMY-AUDIT.md for flagged depictions and replacement status"
"image-requests/drop-here/breakfall-f.png","contact_sheet_screened_not_approved","See ANATOMY-AUDIT.md for flagged depictions and replacement status"
"image-requests/drop-here/bridge-f.png","contact_sheet_screened_not_approved","See ANATOMY-AUDIT.md for flagged depictions and replacement status"
"image-requests/drop-here/bridge-march-f.png","contact_sheet_screened_not_approved","See ANATOMY-AUDIT.md for flagged depictions and replacement status"
"image-requests/drop-here/bridge-roll-f.png","contact_sheet_screened_not_approved","See ANATOMY-AUDIT.md for flagged depictions and replacement status"
"image-requests/drop-here/b-stance-thrust.png","contact_sheet_screened_not_approved","See ANATOMY-AUDIT.md for flagged depictions and replacement status"
"image-requests/drop-here/b-stance-thrust-f.png","contact_sheet_screened_not_approved","See ANATOMY-AUDIT.md for flagged depictions and replacement status"
"image-requests/drop-here/bulgarian-split.png","contact_sheet_screened_not_approved","See ANATOMY-AUDIT.md for flagged depictions and replacement status"
"image-requests/drop-here/bulgarian-split-f.png","contact_sheet_screened_not_approved","See ANATOMY-AUDIT.md for flagged depictions and replacement status"
"image-requests/drop-here/burpee-f.png","contact_sheet_screened_not_approved","See ANATOMY-AUDIT.md for flagged depictions and replacement status"
"image-requests/drop-here/butterfly-stretch-f.png","contact_sheet_screened_not_approved","See ANATOMY-AUDIT.md for flagged depictions and replacement status"
"image-requests/drop-here/butt-kicks-f.png","contact_sheet_screened_not_approved","See ANATOMY-AUDIT.md for flagged depictions and replacement status"
"image-requests/drop-here/cable-kickback.png","contact_sheet_screened_not_approved","See ANATOMY-AUDIT.md for flagged depictions and replacement status"
"image-requests/drop-here/cable-kickback-f.png","contact_sheet_screened_not_approved","See ANATOMY-AUDIT.md for flagged depictions and replacement status"
"image-requests/drop-here/cable-row-f.png","contact_sheet_screened_not_approved","See ANATOMY-AUDIT.md for flagged depictions and replacement status"
"image-requests/drop-here/calf-f.png","contact_sheet_screened_not_approved","See ANATOMY-AUDIT.md for flagged depictions and replacement status"
"image-requests/drop-here/calf-stretch-f.png","contact_sheet_screened_not_approved","See ANATOMY-AUDIT.md for flagged depictions and replacement status"
"image-requests/drop-here/carry-f.png","contact_sheet_screened_not_approved","See ANATOMY-AUDIT.md for flagged depictions and replacement status"
"image-requests/drop-here/chair-rise-f.png","contact_sheet_screened_not_approved","See ANATOMY-AUDIT.md for flagged depictions and replacement status"
"image-requests/drop-here/chamber-hold-f.png","contact_sheet_screened_not_approved","See ANATOMY-AUDIT.md for flagged depictions and replacement status"
"image-requests/drop-here/check-f.png","contact_sheet_screened_not_approved","See ANATOMY-AUDIT.md for flagged depictions and replacement status"
"image-requests/drop-here/chest-machine-f.png","contact_sheet_screened_not_approved","See ANATOMY-AUDIT.md for flagged depictions and replacement status"
"image-requests/drop-here/chest-stretch-f.png","contact_sheet_screened_not_approved","See ANATOMY-AUDIT.md for flagged depictions and replacement status"
"image-requests/drop-here/clamshell-f.png","contact_sheet_screened_not_approved","See ANATOMY-AUDIT.md for flagged depictions and replacement status"
"image-requests/drop-here/clinch-knees-f.png","contact_sheet_screened_not_approved","See ANATOMY-AUDIT.md for flagged depictions and replacement status"
"image-requests/drop-here/coach-female.png","contact_sheet_screened_not_approved","See ANATOMY-AUDIT.md for flagged depictions and replacement status"
"image-requests/drop-here/coach-male.png","contact_sheet_screened_not_approved","See ANATOMY-AUDIT.md for flagged depictions and replacement status"
"image-requests/drop-here/cossack-f.png","contact_sheet_screened_not_approved","See ANATOMY-AUDIT.md for flagged depictions and replacement status"
"image-requests/drop-here/couch-stretch-f.png","contact_sheet_screened_not_approved","See ANATOMY-AUDIT.md for flagged depictions and replacement status"
"image-requests/drop-here/cross-f.png","contact_sheet_screened_not_approved","See ANATOMY-AUDIT.md for flagged depictions and replacement status"
"image-requests/drop-here/curtsy-lunge.png","contact_sheet_screened_not_approved","See ANATOMY-AUDIT.md for flagged depictions and replacement status"
"image-requests/drop-here/curtsy-lunge-f.png","contact_sheet_screened_not_approved","See ANATOMY-AUDIT.md for flagged depictions and replacement status"
"image-requests/drop-here/db-row-f.png","contact_sheet_screened_not_approved","See ANATOMY-AUDIT.md for flagged depictions and replacement status"
"image-requests/drop-here/dead-bug-f.png","contact_sheet_screened_not_approved","See ANATOMY-AUDIT.md for flagged depictions and replacement status"
"image-requests/drop-here/deadlift.png","contact_sheet_screened_not_approved","See ANATOMY-AUDIT.md for flagged depictions and replacement status"
"image-requests/drop-here/deadlift-f.png","contact_sheet_screened_not_approved","See ANATOMY-AUDIT.md for flagged depictions and replacement status"
"image-requests/drop-here/dip.png","contact_sheet_screened_not_approved","See ANATOMY-AUDIT.md for flagged depictions and replacement status"
"image-requests/drop-here/dip-f.png","contact_sheet_screened_not_approved","See ANATOMY-AUDIT.md for flagged depictions and replacement status"
"image-requests/drop-here/donkey-kick.png","contact_sheet_screened_not_approved","See ANATOMY-AUDIT.md for flagged depictions and replacement status"
"image-requests/drop-here/donkey-kick-f.png","contact_sheet_screened_not_approved","See ANATOMY-AUDIT.md for flagged depictions and replacement status"
"image-requests/drop-here/easy-run-f.png","contact_sheet_screened_not_approved","See ANATOMY-AUDIT.md for flagged depictions and replacement status"
"image-requests/drop-here/elbows-f.png","contact_sheet_screened_not_approved","See ANATOMY-AUDIT.md for flagged depictions and replacement status"
"image-requests/drop-here/female-demonstrator.png","contact_sheet_screened_not_approved","See ANATOMY-AUDIT.md for flagged depictions and replacement status"
"image-requests/drop-here/fence.png","contact_sheet_screened_not_approved","See ANATOMY-AUDIT.md for flagged depictions and replacement status"
"image-requests/drop-here/fence-f.png","contact_sheet_screened_not_approved","See ANATOMY-AUDIT.md for flagged depictions and replacement status"
"image-requests/drop-here/fire-hydrant.png","contact_sheet_screened_not_approved","See ANATOMY-AUDIT.md for flagged depictions and replacement status"
"image-requests/drop-here/fire-hydrant-f.png","contact_sheet_screened_not_approved","See ANATOMY-AUDIT.md for flagged depictions and replacement status"
"image-requests/drop-here/floor-press-f.png","contact_sheet_screened_not_approved","See ANATOMY-AUDIT.md for flagged depictions and replacement status"
"image-requests/drop-here/frog-f.png","contact_sheet_screened_not_approved","See ANATOMY-AUDIT.md for flagged depictions and replacement status"
"image-requests/drop-here/frog-pump.png","contact_sheet_screened_not_approved","See ANATOMY-AUDIT.md for flagged depictions and replacement status"
"image-requests/drop-here/frog-pump-f.png","contact_sheet_screened_not_approved","See ANATOMY-AUDIT.md for flagged depictions and replacement status"
"image-requests/drop-here/front-kick-f.png","contact_sheet_screened_not_approved","See ANATOMY-AUDIT.md for flagged depictions and replacement status"
"image-requests/drop-here/front-split-slide-f.png","contact_sheet_screened_not_approved","See ANATOMY-AUDIT.md for flagged depictions and replacement status"
"image-requests/drop-here/glute-stretch-f.png","contact_sheet_screened_not_approved","See ANATOMY-AUDIT.md for flagged depictions and replacement status"
"image-requests/drop-here/goblet-f.png","contact_sheet_screened_not_approved","See ANATOMY-AUDIT.md for flagged depictions and replacement status"
"image-requests/drop-here/granby-roll-f.png","contact_sheet_screened_not_approved","See ANATOMY-AUDIT.md for flagged depictions and replacement status"
"image-requests/drop-here/ground-strikes-f.png","contact_sheet_screened_not_approved","See ANATOMY-AUDIT.md for flagged depictions and replacement status"
"image-requests/drop-here/gyaku-zuki-f.png","contact_sheet_screened_not_approved","See ANATOMY-AUDIT.md for flagged depictions and replacement status"
"image-requests/drop-here/half-split-f.png","contact_sheet_screened_not_approved","See ANATOMY-AUDIT.md for flagged depictions and replacement status"
"image-requests/drop-here/hammer-curl-f.png","contact_sheet_screened_not_approved","See ANATOMY-AUDIT.md for flagged depictions and replacement status"
"image-requests/drop-here/hamstring-stretch-f.png","contact_sheet_screened_not_approved","See ANATOMY-AUDIT.md for flagged depictions and replacement status"
"image-requests/drop-here/hand-release-press-f.png","contact_sheet_screened_not_approved","See ANATOMY-AUDIT.md for flagged depictions and replacement status"
"image-requests/drop-here/hard-run-f.png","contact_sheet_screened_not_approved","See ANATOMY-AUDIT.md for flagged depictions and replacement status"
"image-requests/drop-here/heel-digs-f.png","contact_sheet_screened_not_approved","See ANATOMY-AUDIT.md for flagged depictions and replacement status"
"image-requests/drop-here/heel-taps-f.png","contact_sheet_screened_not_approved","See ANATOMY-AUDIT.md for flagged depictions and replacement status"
"image-requests/drop-here/high-kick-f.png","contact_sheet_screened_not_approved","See ANATOMY-AUDIT.md for flagged depictions and replacement status"
"image-requests/drop-here/high-knees-f.png","contact_sheet_screened_not_approved","See ANATOMY-AUDIT.md for flagged depictions and replacement status"
"image-requests/drop-here/hill-sprint-f.png","contact_sheet_screened_not_approved","See ANATOMY-AUDIT.md for flagged depictions and replacement status"
"image-requests/drop-here/hinge-f.png","contact_sheet_screened_not_approved","See ANATOMY-AUDIT.md for flagged depictions and replacement status"
"image-requests/drop-here/hip-abduction.png","contact_sheet_screened_not_approved","See ANATOMY-AUDIT.md for flagged depictions and replacement status"
"image-requests/drop-here/hip-abduction-f.png","contact_sheet_screened_not_approved","See ANATOMY-AUDIT.md for flagged depictions and replacement status"
"image-requests/drop-here/hip-flexor-stretch-f.png","contact_sheet_screened_not_approved","See ANATOMY-AUDIT.md for flagged depictions and replacement status"
"image-requests/drop-here/hip-openers-f.png","contact_sheet_screened_not_approved","See ANATOMY-AUDIT.md for flagged depictions and replacement status"
"image-requests/drop-here/hip-thrust-f.png","contact_sheet_screened_not_approved","See ANATOMY-AUDIT.md for flagged depictions and replacement status"
"image-requests/drop-here/horse-bow-f.png","contact_sheet_screened_not_approved","See ANATOMY-AUDIT.md for flagged depictions and replacement status"
"image-requests/drop-here/horse-stance-f.png","contact_sheet_screened_not_approved","See ANATOMY-AUDIT.md for flagged depictions and replacement status"
"image-requests/drop-here/inchworm-f.png","contact_sheet_screened_not_approved","See ANATOMY-AUDIT.md for flagged depictions and replacement status"
"image-requests/drop-here/incline-press-f.png","contact_sheet_screened_not_approved","See ANATOMY-AUDIT.md for flagged depictions and replacement status"
"image-requests/drop-here/jab-f.png","contact_sheet_screened_not_approved","See ANATOMY-AUDIT.md for flagged depictions and replacement status"
"image-requests/drop-here/jog-in-place-f.png","contact_sheet_screened_not_approved","See ANATOMY-AUDIT.md for flagged depictions and replacement status"
"image-requests/drop-here/karate-blocks-f.png","contact_sheet_screened_not_approved","See ANATOMY-AUDIT.md for flagged depictions and replacement status"
"image-requests/drop-here/karate-f.png","contact_sheet_screened_not_approved","See ANATOMY-AUDIT.md for flagged depictions and replacement status"
"image-requests/drop-here/kb-swing.png","contact_sheet_screened_not_approved","See ANATOMY-AUDIT.md for flagged depictions and replacement status"
"image-requests/drop-here/kb-swing-f.png","contact_sheet_screened_not_approved","See ANATOMY-AUDIT.md for flagged depictions and replacement status"
"image-requests/drop-here/kickboxing-f.png","contact_sheet_screened_not_approved","See ANATOMY-AUDIT.md for flagged depictions and replacement status"
"image-requests/drop-here/kneeling-press-f.png","contact_sheet_screened_not_approved","See ANATOMY-AUDIT.md for flagged depictions and replacement status"
"image-requests/drop-here/knee-straight-f.png","contact_sheet_screened_not_approved","See ANATOMY-AUDIT.md for flagged depictions and replacement status"
"image-requests/drop-here/kung-fu-f.png","contact_sheet_screened_not_approved","See ANATOMY-AUDIT.md for flagged depictions and replacement status"
"image-requests/drop-here/lateral-lunge-f.png","contact_sheet_screened_not_approved","See ANATOMY-AUDIT.md for flagged depictions and replacement status"
"image-requests/drop-here/lateral-raise-f.png","contact_sheet_screened_not_approved","See ANATOMY-AUDIT.md for flagged depictions and replacement status"
"image-requests/drop-here/lat-pull-f.png","contact_sheet_screened_not_approved","See ANATOMY-AUDIT.md for flagged depictions and replacement status"
"image-requests/drop-here/lead-hook-f.png","contact_sheet_screened_not_approved","See ANATOMY-AUDIT.md for flagged depictions and replacement status"
"image-requests/drop-here/leg-curl-f.png","contact_sheet_screened_not_approved","See ANATOMY-AUDIT.md for flagged depictions and replacement status"
"image-requests/drop-here/leg-press-f.png","contact_sheet_screened_not_approved","See ANATOMY-AUDIT.md for flagged depictions and replacement status"
"image-requests/drop-here/leg-swings-front-f.png","contact_sheet_screened_not_approved","See ANATOMY-AUDIT.md for flagged depictions and replacement status"
"image-requests/drop-here/leg-swings-side-f.png","contact_sheet_screened_not_approved","See ANATOMY-AUDIT.md for flagged depictions and replacement status"
"image-requests/drop-here/level-change-f.png","contact_sheet_screened_not_approved","See ANATOMY-AUDIT.md for flagged depictions and replacement status"
"image-requests/drop-here/lizard-f.png","contact_sheet_screened_not_approved","See ANATOMY-AUDIT.md for flagged depictions and replacement status"
"image-requests/drop-here/low-kick-f.png","contact_sheet_screened_not_approved","See ANATOMY-AUDIT.md for flagged depictions and replacement status"
"image-requests/drop-here/march-f.png","contact_sheet_screened_not_approved","See ANATOMY-AUDIT.md for flagged depictions and replacement status"
"image-requests/drop-here/mma-f.png","contact_sheet_screened_not_approved","See ANATOMY-AUDIT.md for flagged depictions and replacement status"
"image-requests/drop-here/mountain-climber-f.png","contact_sheet_screened_not_approved","See ANATOMY-AUDIT.md for flagged depictions and replacement status"
"image-requests/drop-here/mt-stance-f.png","contact_sheet_screened_not_approved","See ANATOMY-AUDIT.md for flagged depictions and replacement status"
"image-requests/drop-here/muay-thai-f.png","contact_sheet_screened_not_approved","See ANATOMY-AUDIT.md for flagged depictions and replacement status"
"image-requests/drop-here/oi-zuki-f.png","contact_sheet_screened_not_approved","See ANATOMY-AUDIT.md for flagged depictions and replacement status"
"image-requests/drop-here/overhead-press.png","contact_sheet_screened_not_approved","See ANATOMY-AUDIT.md for flagged depictions and replacement status"
"image-requests/drop-here/overhead-press-f.png","contact_sheet_screened_not_approved","See ANATOMY-AUDIT.md for flagged depictions and replacement status"
"image-requests/drop-here/palm-strike.png","contact_sheet_screened_not_approved","See ANATOMY-AUDIT.md for flagged depictions and replacement status"
"image-requests/drop-here/palm-strike-f.png","contact_sheet_screened_not_approved","See ANATOMY-AUDIT.md for flagged depictions and replacement status"
"image-requests/drop-here/pancake-f.png","contact_sheet_screened_not_approved","See ANATOMY-AUDIT.md for flagged depictions and replacement status"
"image-requests/drop-here/parry-f.png","contact_sheet_screened_not_approved","See ANATOMY-AUDIT.md for flagged depictions and replacement status"
"image-requests/drop-here/pivot-f.png","contact_sheet_screened_not_approved","See ANATOMY-AUDIT.md for flagged depictions and replacement status"
"image-requests/drop-here/plank-f.png","contact_sheet_screened_not_approved","See ANATOMY-AUDIT.md for flagged depictions and replacement status"
"image-requests/drop-here/plank-tap-f.png","contact_sheet_screened_not_approved","See ANATOMY-AUDIT.md for flagged depictions and replacement status"
"image-requests/drop-here/plank-up-down-f.png","contact_sheet_screened_not_approved","See ANATOMY-AUDIT.md for flagged depictions and replacement status"
"image-requests/drop-here/pnf-adductor-f.png","contact_sheet_screened_not_approved","See ANATOMY-AUDIT.md for flagged depictions and replacement status"
"image-requests/drop-here/pnf-hamstring-f.png","contact_sheet_screened_not_approved","See ANATOMY-AUDIT.md for flagged depictions and replacement status"
"image-requests/drop-here/prone-w-f.png","contact_sheet_screened_not_approved","See ANATOMY-AUDIT.md for flagged depictions and replacement status"
"image-requests/drop-here/pull-through.png","contact_sheet_screened_not_approved","See ANATOMY-AUDIT.md for flagged depictions and replacement status"
"image-requests/drop-here/pull-through-f.png","contact_sheet_screened_not_approved","See ANATOMY-AUDIT.md for flagged depictions and replacement status"
"image-requests/drop-here/pull-up.png","contact_sheet_screened_not_approved","See ANATOMY-AUDIT.md for flagged depictions and replacement status"
"image-requests/drop-here/pull-up-f.png","contact_sheet_screened_not_approved","See ANATOMY-AUDIT.md for flagged depictions and replacement status"
"image-requests/drop-here/punch-out-f.png","contact_sheet_screened_not_approved","See ANATOMY-AUDIT.md for flagged depictions and replacement status"
"image-requests/drop-here/push-up-f.png","contact_sheet_screened_not_approved","See ANATOMY-AUDIT.md for flagged depictions and replacement status"
"image-requests/drop-here/quad-stretch-f.png","contact_sheet_screened_not_approved","See ANATOMY-AUDIT.md for flagged depictions and replacement status"
"image-requests/drop-here/rapid-kicks-f.png","contact_sheet_screened_not_approved","See ANATOMY-AUDIT.md for flagged depictions and replacement status"
"image-requests/drop-here/rdl-f.png","contact_sheet_screened_not_approved","See ANATOMY-AUDIT.md for flagged depictions and replacement status"
"image-requests/drop-here/reverse-fly-f.png","contact_sheet_screened_not_approved","See ANATOMY-AUDIT.md for flagged depictions and replacement status"
"image-requests/drop-here/reverse-lunge-f.png","contact_sheet_screened_not_approved","See ANATOMY-AUDIT.md for flagged depictions and replacement status"
"image-requests/drop-here/roll-f.png","contact_sheet_screened_not_approved","See ANATOMY-AUDIT.md for flagged depictions and replacement status"
"image-requests/drop-here/roundhouse-f.png","contact_sheet_screened_not_approved","See ANATOMY-AUDIT.md for flagged depictions and replacement status"
"image-requests/drop-here/rower-f.png","contact_sheet_screened_not_approved","See ANATOMY-AUDIT.md for flagged depictions and replacement status"
"image-requests/drop-here/scan-escape.png","contact_sheet_screened_not_approved","See ANATOMY-AUDIT.md for flagged depictions and replacement status"
"image-requests/drop-here/scan-escape-f.png","contact_sheet_screened_not_approved","See ANATOMY-AUDIT.md for flagged depictions and replacement status"
"image-requests/drop-here/seated-calf-f.png","contact_sheet_screened_not_approved","See ANATOMY-AUDIT.md for flagged depictions and replacement status"
"image-requests/drop-here/self-defence.png","contact_sheet_screened_not_approved","See ANATOMY-AUDIT.md for flagged depictions and replacement status"
"image-requests/drop-here/self-defence-f.png","contact_sheet_screened_not_approved","See ANATOMY-AUDIT.md for flagged depictions and replacement status"
"image-requests/drop-here/shadow-bounce-f.png","contact_sheet_screened_not_approved","See ANATOMY-AUDIT.md for flagged depictions and replacement status"
"image-requests/drop-here/shoulder-press-f.png","contact_sheet_screened_not_approved","See ANATOMY-AUDIT.md for flagged depictions and replacement status"
"image-requests/drop-here/shoulder-roll-f.png","contact_sheet_screened_not_approved","See ANATOMY-AUDIT.md for flagged depictions and replacement status"
"image-requests/drop-here/shrimp-f.png","contact_sheet_screened_not_approved","See ANATOMY-AUDIT.md for flagged depictions and replacement status"
"image-requests/drop-here/side-kick-f.png","contact_sheet_screened_not_approved","See ANATOMY-AUDIT.md for flagged depictions and replacement status"
"image-requests/drop-here/side-leg-f.png","contact_sheet_screened_not_approved","See ANATOMY-AUDIT.md for flagged depictions and replacement status"
"image-requests/drop-here/side-lying-raise-f.png","contact_sheet_screened_not_approved","See ANATOMY-AUDIT.md for flagged depictions and replacement status"
"image-requests/drop-here/side-plank-f.png","contact_sheet_screened_not_approved","See ANATOMY-AUDIT.md for flagged depictions and replacement status"
"image-requests/drop-here/side-steps-f.png","contact_sheet_screened_not_approved","See ANATOMY-AUDIT.md for flagged depictions and replacement status"
"image-requests/drop-here/single-leg-bridge.png","contact_sheet_screened_not_approved","See ANATOMY-AUDIT.md for flagged depictions and replacement status"
"image-requests/drop-here/single-leg-bridge-f.png","contact_sheet_screened_not_approved","See ANATOMY-AUDIT.md for flagged depictions and replacement status"
"image-requests/drop-here/single-leg-rdl.png","contact_sheet_screened_not_approved","See ANATOMY-AUDIT.md for flagged depictions and replacement status"
"image-requests/drop-here/single-leg-rdl-f.png","contact_sheet_screened_not_approved","See ANATOMY-AUDIT.md for flagged depictions and replacement status"
"image-requests/drop-here/sit-out-f.png","contact_sheet_screened_not_approved","See ANATOMY-AUDIT.md for flagged depictions and replacement status"
"image-requests/drop-here/skip-rope-f.png","contact_sheet_screened_not_approved","See ANATOMY-AUDIT.md for flagged depictions and replacement status"
"image-requests/drop-here/slip-f.png","contact_sheet_screened_not_approved","See ANATOMY-AUDIT.md for flagged depictions and replacement status"
"image-requests/drop-here/slow-climber-f.png","contact_sheet_screened_not_approved","See ANATOMY-AUDIT.md for flagged depictions and replacement status"
"image-requests/drop-here/snap-roundhouse-f.png","contact_sheet_screened_not_approved","See ANATOMY-AUDIT.md for flagged depictions and replacement status"
"image-requests/drop-here/split-squat-f.png","contact_sheet_screened_not_approved","See ANATOMY-AUDIT.md for flagged depictions and replacement status"
"image-requests/drop-here/sprawl-f.png","contact_sheet_screened_not_approved","See ANATOMY-AUDIT.md for flagged depictions and replacement status"
"image-requests/drop-here/sprint-f.png","contact_sheet_screened_not_approved","See ANATOMY-AUDIT.md for flagged depictions and replacement status"
"image-requests/drop-here/squat-f.png","contact_sheet_screened_not_approved","See ANATOMY-AUDIT.md for flagged depictions and replacement status"
"image-requests/drop-here/squat-jump-f.png","contact_sheet_screened_not_approved","See ANATOMY-AUDIT.md for flagged depictions and replacement status"
"image-requests/drop-here/squat-thrust-f.png","contact_sheet_screened_not_approved","See ANATOMY-AUDIT.md for flagged depictions and replacement status"
"image-requests/drop-here/stance-footwork-f.png","contact_sheet_screened_not_approved","See ANATOMY-AUDIT.md for flagged depictions and replacement status"
"image-requests/drop-here/stance-motion-f.png","contact_sheet_screened_not_approved","See ANATOMY-AUDIT.md for flagged depictions and replacement status"
"image-requests/drop-here/standing-curl-f.png","contact_sheet_screened_not_approved","See ANATOMY-AUDIT.md for flagged depictions and replacement status"
"image-requests/drop-here/star-jacks-f.png","contact_sheet_screened_not_approved","See ANATOMY-AUDIT.md for flagged depictions and replacement status"
"image-requests/drop-here/step-burpee-f.png","contact_sheet_screened_not_approved","See ANATOMY-AUDIT.md for flagged depictions and replacement status"
"image-requests/drop-here/step-jacks-f.png","contact_sheet_screened_not_approved","See ANATOMY-AUDIT.md for flagged depictions and replacement status"
"image-requests/drop-here/step-up.png","contact_sheet_screened_not_approved","See ANATOMY-AUDIT.md for flagged depictions and replacement status"
"image-requests/drop-here/step-up-f.png","contact_sheet_screened_not_approved","See ANATOMY-AUDIT.md for flagged depictions and replacement status"
"image-requests/drop-here/straddle-slide-f.png","contact_sheet_screened_not_approved","See ANATOMY-AUDIT.md for flagged depictions and replacement status"
"image-requests/drop-here/sumo-squat.png","contact_sheet_screened_not_approved","See ANATOMY-AUDIT.md for flagged depictions and replacement status"
"image-requests/drop-here/sumo-squat-f.png","contact_sheet_screened_not_approved","See ANATOMY-AUDIT.md for flagged depictions and replacement status"
"image-requests/drop-here/switch-kick-f.png","contact_sheet_screened_not_approved","See ANATOMY-AUDIT.md for flagged depictions and replacement status"
"image-requests/drop-here/taekwondo-f.png","contact_sheet_screened_not_approved","See ANATOMY-AUDIT.md for flagged depictions and replacement status"
"image-requests/drop-here/technical-standup-f.png","contact_sheet_screened_not_approved","See ANATOMY-AUDIT.md for flagged depictions and replacement status"
"image-requests/drop-here/teep-f.png","contact_sheet_screened_not_approved","See ANATOMY-AUDIT.md for flagged depictions and replacement status"
"image-requests/drop-here/triceps-f.png","contact_sheet_screened_not_approved","See ANATOMY-AUDIT.md for flagged depictions and replacement status"
"image-requests/drop-here/tuck-jump-f.png","contact_sheet_screened_not_approved","See ANATOMY-AUDIT.md for flagged depictions and replacement status"
"image-requests/drop-here/upper-back-stretch-f.png","contact_sheet_screened_not_approved","See ANATOMY-AUDIT.md for flagged depictions and replacement status"
"image-requests/drop-here/uppercut-f.png","contact_sheet_screened_not_approved","See ANATOMY-AUDIT.md for flagged depictions and replacement status"
"image-requests/drop-here/walk-f.png","contact_sheet_screened_not_approved","See ANATOMY-AUDIT.md for flagged depictions and replacement status"
"image-requests/drop-here/walking-lunge.png","contact_sheet_screened_not_approved","See ANATOMY-AUDIT.md for flagged depictions and replacement status"
"image-requests/drop-here/walking-lunge-f.png","contact_sheet_screened_not_approved","See ANATOMY-AUDIT.md for flagged depictions and replacement status"
"image-requests/drop-here/wall-press-f.png","contact_sheet_screened_not_approved","See ANATOMY-AUDIT.md for flagged depictions and replacement status"
"image-requests/drop-here/wall-sit-f.png","contact_sheet_screened_not_approved","See ANATOMY-AUDIT.md for flagged depictions and replacement status"
"image-requests/drop-here/wall-slide-f.png","contact_sheet_screened_not_approved","See ANATOMY-AUDIT.md for flagged depictions and replacement status"
"image-requests/drop-here/wrestling-f.png","contact_sheet_screened_not_approved","See ANATOMY-AUDIT.md for flagged depictions and replacement status"
"image-requests/drop-here/wrist-escape.png","contact_sheet_screened_not_approved","See ANATOMY-AUDIT.md for flagged depictions and replacement status"
"image-requests/drop-here/wrist-escape-f.png","contact_sheet_screened_not_approved","See ANATOMY-AUDIT.md for flagged depictions and replacement status"
"image-requests/drop-here/zenkutsu-f.png","contact_sheet_screened_not_approved","See ANATOMY-AUDIT.md for flagged depictions and replacement status"
"source-art/movements/90-90.png","contact_sheet_screened_not_approved","See ANATOMY-AUDIT.md for flagged depictions and replacement status"
"source-art/movements/active-front-raise.png","contact_sheet_screened_not_approved","See ANATOMY-AUDIT.md for flagged depictions and replacement status"
"source-art/movements/active-side-raise.png","contact_sheet_screened_not_approved","See ANATOMY-AUDIT.md for flagged depictions and replacement status"
"source-art/movements/ankle-realistic.png","contact_sheet_screened_not_approved","See ANATOMY-AUDIT.md for flagged depictions and replacement status"
"source-art/movements/arm-circles.png","contact_sheet_screened_not_approved","See ANATOMY-AUDIT.md for flagged depictions and replacement status"
"source-art/movements/assisted-pull-realistic.png","contact_sheet_screened_not_approved","See ANATOMY-AUDIT.md for flagged depictions and replacement status"
"source-art/movements/backpack-hinge-realistic.png","contact_sheet_screened_not_approved","See ANATOMY-AUDIT.md for flagged depictions and replacement status"
"source-art/movements/backpack-row-realistic.png","contact_sheet_screened_not_approved","See ANATOMY-AUDIT.md for flagged depictions and replacement status"
"source-art/movements/backpack-squat-realistic.png","contact_sheet_screened_not_approved","See ANATOMY-AUDIT.md for flagged depictions and replacement status"
"source-art/movements/bag-work.png","contact_sheet_screened_not_approved","See ANATOMY-AUDIT.md for flagged depictions and replacement status"
"source-art/movements/band-curl-realistic.png","contact_sheet_screened_not_approved","See ANATOMY-AUDIT.md for flagged depictions and replacement status"
"source-art/movements/band-row-realistic.png","contact_sheet_screened_not_approved","See ANATOMY-AUDIT.md for flagged depictions and replacement status"
"source-art/movements/bear-crawl-realistic.png","contact_sheet_screened_not_approved","See ANATOMY-AUDIT.md for flagged depictions and replacement status"
"source-art/movements/bench-press-realistic.png","contact_sheet_screened_not_approved","See ANATOMY-AUDIT.md for flagged depictions and replacement status"
"source-art/movements/biceps-curl-realistic.png","contact_sheet_screened_not_approved","See ANATOMY-AUDIT.md for flagged depictions and replacement status"
"source-art/movements/bike-realistic.png","contact_sheet_screened_not_approved","See ANATOMY-AUDIT.md for flagged depictions and replacement status"
"source-art/movements/bird-dog-realistic.png","contact_sheet_screened_not_approved","See ANATOMY-AUDIT.md for flagged depictions and replacement status"
"source-art/movements/body-shots.png","contact_sheet_screened_not_approved","See ANATOMY-AUDIT.md for flagged depictions and replacement status"
"source-art/movements/bottle-carry-realistic.png","contact_sheet_screened_not_approved","See ANATOMY-AUDIT.md for flagged depictions and replacement status"
"source-art/movements/bottle-curl-realistic.png","contact_sheet_screened_not_approved","See ANATOMY-AUDIT.md for flagged depictions and replacement status"
"source-art/movements/bottle-raise-realistic.png","contact_sheet_screened_not_approved","See ANATOMY-AUDIT.md for flagged depictions and replacement status"
"source-art/movements/breakfall.png","contact_sheet_screened_not_approved","See ANATOMY-AUDIT.md for flagged depictions and replacement status"
"source-art/movements/bridge-march-realistic.png","contact_sheet_screened_not_approved","See ANATOMY-AUDIT.md for flagged depictions and replacement status"
"source-art/movements/bridge-realistic.png","contact_sheet_screened_not_approved","See ANATOMY-AUDIT.md for flagged depictions and replacement status"
"source-art/movements/bridge-roll.png","contact_sheet_screened_not_approved","See ANATOMY-AUDIT.md for flagged depictions and replacement status"
"source-art/movements/burpee-realistic.png","contact_sheet_screened_not_approved","See ANATOMY-AUDIT.md for flagged depictions and replacement status"
"source-art/movements/butterfly-stretch-realistic.png","contact_sheet_screened_not_approved","See ANATOMY-AUDIT.md for flagged depictions and replacement status"
"source-art/movements/butt-kicks-realistic.png","contact_sheet_screened_not_approved","See ANATOMY-AUDIT.md for flagged depictions and replacement status"
"source-art/movements/cable-row-realistic.png","contact_sheet_screened_not_approved","See ANATOMY-AUDIT.md for flagged depictions and replacement status"
"source-art/movements/calf-realistic.png","contact_sheet_screened_not_approved","See ANATOMY-AUDIT.md for flagged depictions and replacement status"
"source-art/movements/calf-stretch-realistic.png","contact_sheet_screened_not_approved","See ANATOMY-AUDIT.md for flagged depictions and replacement status"
"source-art/movements/carry-realistic.png","contact_sheet_screened_not_approved","See ANATOMY-AUDIT.md for flagged depictions and replacement status"
"source-art/movements/chair-rise-realistic.png","contact_sheet_screened_not_approved","See ANATOMY-AUDIT.md for flagged depictions and replacement status"
"source-art/movements/chamber-hold.png","contact_sheet_screened_not_approved","See ANATOMY-AUDIT.md for flagged depictions and replacement status"
"source-art/movements/check.png","contact_sheet_screened_not_approved","See ANATOMY-AUDIT.md for flagged depictions and replacement status"
"source-art/movements/check-v2.png","contact_sheet_screened_not_approved","See ANATOMY-AUDIT.md for flagged depictions and replacement status"
"source-art/movements/chest-machine-realistic.png","contact_sheet_screened_not_approved","See ANATOMY-AUDIT.md for flagged depictions and replacement status"
"source-art/movements/chest-stretch-realistic.png","contact_sheet_screened_not_approved","See ANATOMY-AUDIT.md for flagged depictions and replacement status"
"source-art/movements/clamshell-realistic.png","contact_sheet_screened_not_approved","See ANATOMY-AUDIT.md for flagged depictions and replacement status"
"source-art/movements/clinch-knees.png","contact_sheet_screened_not_approved","See ANATOMY-AUDIT.md for flagged depictions and replacement status"
"source-art/movements/cossack.png","contact_sheet_screened_not_approved","See ANATOMY-AUDIT.md for flagged depictions and replacement status"
"source-art/movements/couch-stretch.png","contact_sheet_screened_not_approved","See ANATOMY-AUDIT.md for flagged depictions and replacement status"
"source-art/movements/db-row-realistic.png","contact_sheet_screened_not_approved","See ANATOMY-AUDIT.md for flagged depictions and replacement status"
"source-art/movements/dead-bug-realistic.png","contact_sheet_screened_not_approved","See ANATOMY-AUDIT.md for flagged depictions and replacement status"
"source-art/movements/easy-run.png","contact_sheet_screened_not_approved","See ANATOMY-AUDIT.md for flagged depictions and replacement status"
"source-art/movements/elbows.png","contact_sheet_screened_not_approved","See ANATOMY-AUDIT.md for flagged depictions and replacement status"
"source-art/movements/floor-press-realistic.png","contact_sheet_screened_not_approved","See ANATOMY-AUDIT.md for flagged depictions and replacement status"
"source-art/movements/frog.png","contact_sheet_screened_not_approved","See ANATOMY-AUDIT.md for flagged depictions and replacement status"
"source-art/movements/front-kick.png","contact_sheet_screened_not_approved","See ANATOMY-AUDIT.md for flagged depictions and replacement status"
"source-art/movements/front-split-slide.png","contact_sheet_screened_not_approved","See ANATOMY-AUDIT.md for flagged depictions and replacement status"
"source-art/movements/glute-stretch-realistic.png","contact_sheet_screened_not_approved","See ANATOMY-AUDIT.md for flagged depictions and replacement status"
"source-art/movements/goblet-realistic.png","contact_sheet_screened_not_approved","See ANATOMY-AUDIT.md for flagged depictions and replacement status"
"source-art/movements/granby-roll.png","contact_sheet_screened_not_approved","See ANATOMY-AUDIT.md for flagged depictions and replacement status"
"source-art/movements/ground-strikes.png","contact_sheet_screened_not_approved","See ANATOMY-AUDIT.md for flagged depictions and replacement status"
"source-art/movements/gyaku-zuki.png","contact_sheet_screened_not_approved","See ANATOMY-AUDIT.md for flagged depictions and replacement status"
"source-art/movements/half-split-realistic.png","contact_sheet_screened_not_approved","See ANATOMY-AUDIT.md for flagged depictions and replacement status"
"source-art/movements/hammer-curl-realistic.png","contact_sheet_screened_not_approved","See ANATOMY-AUDIT.md for flagged depictions and replacement status"
"source-art/movements/hamstring-stretch-realistic.png","contact_sheet_screened_not_approved","See ANATOMY-AUDIT.md for flagged depictions and replacement status"
"source-art/movements/hand-release-press-realistic.png","contact_sheet_screened_not_approved","See ANATOMY-AUDIT.md for flagged depictions and replacement status"
"source-art/movements/hard-run.png","contact_sheet_screened_not_approved","See ANATOMY-AUDIT.md for flagged depictions and replacement status"
"source-art/movements/heel-digs-realistic.png","contact_sheet_screened_not_approved","See ANATOMY-AUDIT.md for flagged depictions and replacement status"
"source-art/movements/heel-taps-realistic.png","contact_sheet_screened_not_approved","See ANATOMY-AUDIT.md for flagged depictions and replacement status"
"source-art/movements/high-kick.png","contact_sheet_screened_not_approved","See ANATOMY-AUDIT.md for flagged depictions and replacement status"
"source-art/movements/high-knees-realistic.png","contact_sheet_screened_not_approved","See ANATOMY-AUDIT.md for flagged depictions and replacement status"
"source-art/movements/hill-sprint.png","contact_sheet_screened_not_approved","See ANATOMY-AUDIT.md for flagged depictions and replacement status"
"source-art/movements/hinge-realistic.png","contact_sheet_screened_not_approved","See ANATOMY-AUDIT.md for flagged depictions and replacement status"
"source-art/movements/hip-flexor-stretch-realistic.png","contact_sheet_screened_not_approved","See ANATOMY-AUDIT.md for flagged depictions and replacement status"
"source-art/movements/hip-openers.png","contact_sheet_screened_not_approved","See ANATOMY-AUDIT.md for flagged depictions and replacement status"
"source-art/movements/hip-thrust-realistic.png","contact_sheet_screened_not_approved","See ANATOMY-AUDIT.md for flagged depictions and replacement status"
"source-art/movements/horse-bow.png","contact_sheet_screened_not_approved","See ANATOMY-AUDIT.md for flagged depictions and replacement status"
"source-art/movements/horse-stance.png","contact_sheet_screened_not_approved","See ANATOMY-AUDIT.md for flagged depictions and replacement status"
"source-art/movements/inchworm.png","contact_sheet_screened_not_approved","See ANATOMY-AUDIT.md for flagged depictions and replacement status"
"source-art/movements/incline-press-realistic.png","contact_sheet_screened_not_approved","See ANATOMY-AUDIT.md for flagged depictions and replacement status"
"source-art/movements/jab.png","contact_sheet_screened_not_approved","See ANATOMY-AUDIT.md for flagged depictions and replacement status"
"source-art/movements/jog-in-place.png","contact_sheet_screened_not_approved","See ANATOMY-AUDIT.md for flagged depictions and replacement status"
"source-art/movements/karate-blocks.png","contact_sheet_screened_not_approved","See ANATOMY-AUDIT.md for flagged depictions and replacement status"
"source-art/movements/kneeling-press-realistic.png","contact_sheet_screened_not_approved","See ANATOMY-AUDIT.md for flagged depictions and replacement status"
"source-art/movements/knee-straight.png","contact_sheet_screened_not_approved","See ANATOMY-AUDIT.md for flagged depictions and replacement status"
"source-art/movements/lateral-lunge-realistic.png","contact_sheet_screened_not_approved","See ANATOMY-AUDIT.md for flagged depictions and replacement status"
"source-art/movements/lateral-raise-realistic.png","contact_sheet_screened_not_approved","See ANATOMY-AUDIT.md for flagged depictions and replacement status"
"source-art/movements/lat-pull-realistic.png","contact_sheet_screened_not_approved","See ANATOMY-AUDIT.md for flagged depictions and replacement status"
"source-art/movements/leg-curl.png","contact_sheet_screened_not_approved","See ANATOMY-AUDIT.md for flagged depictions and replacement status"
"source-art/movements/leg-press-realistic.png","contact_sheet_screened_not_approved","See ANATOMY-AUDIT.md for flagged depictions and replacement status"
"source-art/movements/leg-swings-front.png","contact_sheet_screened_not_approved","See ANATOMY-AUDIT.md for flagged depictions and replacement status"
"source-art/movements/leg-swings-side.png","contact_sheet_screened_not_approved","See ANATOMY-AUDIT.md for flagged depictions and replacement status"
"source-art/movements/level-change.png","contact_sheet_screened_not_approved","See ANATOMY-AUDIT.md for flagged depictions and replacement status"
"source-art/movements/lizard.png","contact_sheet_screened_not_approved","See ANATOMY-AUDIT.md for flagged depictions and replacement status"
"source-art/movements/low-kick.png","contact_sheet_screened_not_approved","See ANATOMY-AUDIT.md for flagged depictions and replacement status"
"source-art/movements/march-realistic.png","contact_sheet_screened_not_approved","See ANATOMY-AUDIT.md for flagged depictions and replacement status"
"source-art/movements/mountain-climber-realistic.png","contact_sheet_screened_not_approved","See ANATOMY-AUDIT.md for flagged depictions and replacement status"
"source-art/movements/mt-stance.png","contact_sheet_screened_not_approved","See ANATOMY-AUDIT.md for flagged depictions and replacement status"
"source-art/movements/oi-zuki.png","contact_sheet_screened_not_approved","See ANATOMY-AUDIT.md for flagged depictions and replacement status"
"source-art/movements/orthodox-left-hook-v2.png","contact_sheet_screened_not_approved","See ANATOMY-AUDIT.md for flagged depictions and replacement status"
"source-art/movements/orthodox-left-jab-v2.png","contact_sheet_screened_not_approved","See ANATOMY-AUDIT.md for flagged depictions and replacement status"
"source-art/movements/orthodox-right-cross-v2.png","contact_sheet_screened_not_approved","See ANATOMY-AUDIT.md for flagged depictions and replacement status"
"source-art/movements/pancake.png","contact_sheet_screened_not_approved","See ANATOMY-AUDIT.md for flagged depictions and replacement status"
"source-art/movements/parry.png","contact_sheet_screened_not_approved","See ANATOMY-AUDIT.md for flagged depictions and replacement status"
"source-art/movements/pivot.png","contact_sheet_screened_not_approved","See ANATOMY-AUDIT.md for flagged depictions and replacement status"
"source-art/movements/plank-realistic.png","contact_sheet_screened_not_approved","See ANATOMY-AUDIT.md for flagged depictions and replacement status"
"source-art/movements/plank-tap-realistic.png","contact_sheet_screened_not_approved","See ANATOMY-AUDIT.md for flagged depictions and replacement status"
"source-art/movements/plank-up-down-realistic.png","contact_sheet_screened_not_approved","See ANATOMY-AUDIT.md for flagged depictions and replacement status"
"source-art/movements/pnf-adductor.png","contact_sheet_screened_not_approved","See ANATOMY-AUDIT.md for flagged depictions and replacement status"
"source-art/movements/pnf-hamstring.png","contact_sheet_screened_not_approved","See ANATOMY-AUDIT.md for flagged depictions and replacement status"
"source-art/movements/prone-w-realistic.png","contact_sheet_screened_not_approved","See ANATOMY-AUDIT.md for flagged depictions and replacement status"
"source-art/movements/punch-out.png","contact_sheet_screened_not_approved","See ANATOMY-AUDIT.md for flagged depictions and replacement status"
"source-art/movements/push-up-realistic.png","contact_sheet_screened_not_approved","See ANATOMY-AUDIT.md for flagged depictions and replacement status"
"source-art/movements/quad-stretch-realistic.png","contact_sheet_screened_not_approved","See ANATOMY-AUDIT.md for flagged depictions and replacement status"
"source-art/movements/rapid-kicks.png","contact_sheet_screened_not_approved","See ANATOMY-AUDIT.md for flagged depictions and replacement status"
"source-art/movements/rdl-realistic.png","contact_sheet_screened_not_approved","See ANATOMY-AUDIT.md for flagged depictions and replacement status"
"source-art/movements/reverse-fly-realistic.png","contact_sheet_screened_not_approved","See ANATOMY-AUDIT.md for flagged depictions and replacement status"
"source-art/movements/reverse-lunge-realistic.png","contact_sheet_screened_not_approved","See ANATOMY-AUDIT.md for flagged depictions and replacement status"
"source-art/movements/roll.png","contact_sheet_screened_not_approved","See ANATOMY-AUDIT.md for flagged depictions and replacement status"
"source-art/movements/roundhouse.png","contact_sheet_screened_not_approved","See ANATOMY-AUDIT.md for flagged depictions and replacement status"
"source-art/movements/rower-realistic.png","contact_sheet_screened_not_approved","See ANATOMY-AUDIT.md for flagged depictions and replacement status"
"source-art/movements/seated-calf-realistic.png","contact_sheet_screened_not_approved","See ANATOMY-AUDIT.md for flagged depictions and replacement status"
"source-art/movements/shadow-bounce.png","contact_sheet_screened_not_approved","See ANATOMY-AUDIT.md for flagged depictions and replacement status"
"source-art/movements/shoulder-press-realistic.png","contact_sheet_screened_not_approved","See ANATOMY-AUDIT.md for flagged depictions and replacement status"
"source-art/movements/shoulder-roll-realistic.png","contact_sheet_screened_not_approved","See ANATOMY-AUDIT.md for flagged depictions and replacement status"
"source-art/movements/shrimp.png","contact_sheet_screened_not_approved","See ANATOMY-AUDIT.md for flagged depictions and replacement status"
"source-art/movements/side-kick.png","contact_sheet_screened_not_approved","See ANATOMY-AUDIT.md for flagged depictions and replacement status"
"source-art/movements/side-leg-realistic.png","contact_sheet_screened_not_approved","See ANATOMY-AUDIT.md for flagged depictions and replacement status"
"source-art/movements/side-lying-raise-realistic.png","contact_sheet_screened_not_approved","See ANATOMY-AUDIT.md for flagged depictions and replacement status"
"source-art/movements/side-plank-realistic.png","contact_sheet_screened_not_approved","See ANATOMY-AUDIT.md for flagged depictions and replacement status"
"source-art/movements/side-steps-realistic.png","contact_sheet_screened_not_approved","See ANATOMY-AUDIT.md for flagged depictions and replacement status"
"source-art/movements/sit-out.png","contact_sheet_screened_not_approved","See ANATOMY-AUDIT.md for flagged depictions and replacement status"
"source-art/movements/skip-rope.png","contact_sheet_screened_not_approved","See ANATOMY-AUDIT.md for flagged depictions and replacement status"
"source-art/movements/slip.png","contact_sheet_screened_not_approved","See ANATOMY-AUDIT.md for flagged depictions and replacement status"
"source-art/movements/slow-climber-realistic.png","contact_sheet_screened_not_approved","See ANATOMY-AUDIT.md for flagged depictions and replacement status"
"source-art/movements/snap-roundhouse.png","contact_sheet_screened_not_approved","See ANATOMY-AUDIT.md for flagged depictions and replacement status"
"source-art/movements/split-squat-realistic.png","contact_sheet_screened_not_approved","See ANATOMY-AUDIT.md for flagged depictions and replacement status"
"source-art/movements/sprawl.png","contact_sheet_screened_not_approved","See ANATOMY-AUDIT.md for flagged depictions and replacement status"
"source-art/movements/sprint.png","contact_sheet_screened_not_approved","See ANATOMY-AUDIT.md for flagged depictions and replacement status"
"source-art/movements/squat-jump-realistic.png","contact_sheet_screened_not_approved","See ANATOMY-AUDIT.md for flagged depictions and replacement status"
"source-art/movements/squat-realistic.png","contact_sheet_screened_not_approved","See ANATOMY-AUDIT.md for flagged depictions and replacement status"
"source-art/movements/squat-thrust-realistic.png","contact_sheet_screened_not_approved","See ANATOMY-AUDIT.md for flagged depictions and replacement status"
"source-art/movements/stance-footwork.png","contact_sheet_screened_not_approved","See ANATOMY-AUDIT.md for flagged depictions and replacement status"
"source-art/movements/stance-motion.png","contact_sheet_screened_not_approved","See ANATOMY-AUDIT.md for flagged depictions and replacement status"
"source-art/movements/standing-curl-realistic.png","contact_sheet_screened_not_approved","See ANATOMY-AUDIT.md for flagged depictions and replacement status"
"source-art/movements/star-jacks-realistic.png","contact_sheet_screened_not_approved","See ANATOMY-AUDIT.md for flagged depictions and replacement status"
"source-art/movements/step-burpee-realistic.png","contact_sheet_screened_not_approved","See ANATOMY-AUDIT.md for flagged depictions and replacement status"
"source-art/movements/step-jacks-realistic.png","contact_sheet_screened_not_approved","See ANATOMY-AUDIT.md for flagged depictions and replacement status"
"source-art/movements/straddle-slide.png","contact_sheet_screened_not_approved","See ANATOMY-AUDIT.md for flagged depictions and replacement status"
"source-art/movements/switch-kick.png","contact_sheet_screened_not_approved","See ANATOMY-AUDIT.md for flagged depictions and replacement status"
"source-art/movements/switch-kick-v2.png","contact_sheet_screened_not_approved","See ANATOMY-AUDIT.md for flagged depictions and replacement status"
"source-art/movements/technical-standup.png","contact_sheet_screened_not_approved","See ANATOMY-AUDIT.md for flagged depictions and replacement status"
"source-art/movements/teep.png","contact_sheet_screened_not_approved","See ANATOMY-AUDIT.md for flagged depictions and replacement status"
"source-art/movements/triceps-realistic.png","contact_sheet_screened_not_approved","See ANATOMY-AUDIT.md for flagged depictions and replacement status"
"source-art/movements/tuck-jump-realistic.png","contact_sheet_screened_not_approved","See ANATOMY-AUDIT.md for flagged depictions and replacement status"
"source-art/movements/upper-back-stretch-realistic.png","contact_sheet_screened_not_approved","See ANATOMY-AUDIT.md for flagged depictions and replacement status"
"source-art/movements/uppercut.png","contact_sheet_screened_not_approved","See ANATOMY-AUDIT.md for flagged depictions and replacement status"
"source-art/movements/walk-realistic.png","contact_sheet_screened_not_approved","See ANATOMY-AUDIT.md for flagged depictions and replacement status"
"source-art/movements/wall-press-realistic.png","contact_sheet_screened_not_approved","See ANATOMY-AUDIT.md for flagged depictions and replacement status"
"source-art/movements/wall-sit-realistic.png","contact_sheet_screened_not_approved","See ANATOMY-AUDIT.md for flagged depictions and replacement status"
"source-art/movements/wall-slide-realistic.png","contact_sheet_screened_not_approved","See ANATOMY-AUDIT.md for flagged depictions and replacement status"
"source-art/movements/zenkutsu.png","contact_sheet_screened_not_approved","See ANATOMY-AUDIT.md for flagged depictions and replacement status"
"app/assets/arts/bjj-f.webp","contact_sheet_screened_not_approved","See ANATOMY-AUDIT.md for flagged depictions and replacement status"
"app/assets/arts/bjj.webp","contact_sheet_screened_not_approved","See ANATOMY-AUDIT.md for flagged depictions and replacement status"
"app/assets/arts/boxing-f.webp","contact_sheet_screened_not_approved","See ANATOMY-AUDIT.md for flagged depictions and replacement status"
"app/assets/arts/boxing.webp","contact_sheet_screened_not_approved","See ANATOMY-AUDIT.md for flagged depictions and replacement status"
"app/assets/arts/judo.webp","contact_sheet_screened_not_approved","See ANATOMY-AUDIT.md for flagged depictions and replacement status"
"app/assets/arts/karate-f.webp","contact_sheet_screened_not_approved","See ANATOMY-AUDIT.md for flagged depictions and replacement status"
"app/assets/arts/karate.webp","contact_sheet_screened_not_approved","See ANATOMY-AUDIT.md for flagged depictions and replacement status"
"app/assets/arts/kickboxing-f.webp","contact_sheet_screened_not_approved","See ANATOMY-AUDIT.md for flagged depictions and replacement status"
"app/assets/arts/kickboxing.webp","contact_sheet_screened_not_approved","See ANATOMY-AUDIT.md for flagged depictions and replacement status"
"app/assets/arts/kung-fu-f.webp","contact_sheet_screened_not_approved","See ANATOMY-AUDIT.md for flagged depictions and replacement status"
"app/assets/arts/kung-fu.webp","contact_sheet_screened_not_approved","See ANATOMY-AUDIT.md for flagged depictions and replacement status"
"app/assets/arts/mma-f.webp","contact_sheet_screened_not_approved","See ANATOMY-AUDIT.md for flagged depictions and replacement status"
"app/assets/arts/mma.webp","contact_sheet_screened_not_approved","See ANATOMY-AUDIT.md for flagged depictions and replacement status"
"app/assets/arts/muay-thai-f.webp","contact_sheet_screened_not_approved","See ANATOMY-AUDIT.md for flagged depictions and replacement status"
"app/assets/arts/muay-thai.webp","contact_sheet_screened_not_approved","See ANATOMY-AUDIT.md for flagged depictions and replacement status"
"app/assets/arts/taekwondo-f.webp","contact_sheet_screened_not_approved","See ANATOMY-AUDIT.md for flagged depictions and replacement status"
"app/assets/arts/taekwondo.webp","contact_sheet_screened_not_approved","See ANATOMY-AUDIT.md for flagged depictions and replacement status"
"app/assets/arts/wrestling-f.webp","contact_sheet_screened_not_approved","See ANATOMY-AUDIT.md for flagged depictions and replacement status"
"app/assets/arts/wrestling.webp","contact_sheet_screened_not_approved","See ANATOMY-AUDIT.md for flagged depictions and replacement status"
"app/assets/coach/coach-female.webp","contact_sheet_screened_not_approved","See ANATOMY-AUDIT.md for flagged depictions and replacement status"
"app/assets/coach/coach-male.webp","contact_sheet_screened_not_approved","See ANATOMY-AUDIT.md for flagged depictions and replacement status"
"app/assets/movements/90-90-realistic.webp","contact_sheet_screened_not_approved","See ANATOMY-AUDIT.md for flagged depictions and replacement status"
"app/assets/movements/active-front-raise-realistic.webp","contact_sheet_screened_not_approved","See ANATOMY-AUDIT.md for flagged depictions and replacement status"
"app/assets/movements/active-side-raise-realistic.webp","contact_sheet_screened_not_approved","See ANATOMY-AUDIT.md for flagged depictions and replacement status"
"app/assets/movements/ankle-realistic-f.webp","contact_sheet_screened_not_approved","See ANATOMY-AUDIT.md for flagged depictions and replacement status"
"app/assets/movements/ankle-realistic.webp","contact_sheet_screened_not_approved","See ANATOMY-AUDIT.md for flagged depictions and replacement status"
"app/assets/movements/arm-circles-realistic-f.webp","contact_sheet_screened_not_approved","See ANATOMY-AUDIT.md for flagged depictions and replacement status"
"app/assets/movements/arm-circles-realistic.webp","contact_sheet_screened_not_approved","See ANATOMY-AUDIT.md for flagged depictions and replacement status"
"app/assets/movements/assisted-pull-realistic-f.webp","contact_sheet_screened_not_approved","See ANATOMY-AUDIT.md for flagged depictions and replacement status"
"app/assets/movements/assisted-pull-realistic.webp","contact_sheet_screened_not_approved","See ANATOMY-AUDIT.md for flagged depictions and replacement status"
"app/assets/movements/b-stance-thrust-realistic-f.webp","contact_sheet_screened_not_approved","See ANATOMY-AUDIT.md for flagged depictions and replacement status"
"app/assets/movements/b-stance-thrust-realistic.webp","contact_sheet_screened_not_approved","See ANATOMY-AUDIT.md for flagged depictions and replacement status"
"app/assets/movements/back-extension-realistic.webp","contact_sheet_screened_not_approved","See ANATOMY-AUDIT.md for flagged depictions and replacement status"
"app/assets/movements/backpack-hinge-realistic-f.webp","contact_sheet_screened_not_approved","See ANATOMY-AUDIT.md for flagged depictions and replacement status"
"app/assets/movements/backpack-hinge-realistic.webp","contact_sheet_screened_not_approved","See ANATOMY-AUDIT.md for flagged depictions and replacement status"
"app/assets/movements/backpack-row-realistic-f.webp","contact_sheet_screened_not_approved","See ANATOMY-AUDIT.md for flagged depictions and replacement status"
"app/assets/movements/backpack-row-realistic.webp","contact_sheet_screened_not_approved","See ANATOMY-AUDIT.md for flagged depictions and replacement status"
"app/assets/movements/backpack-squat-realistic-f.webp","contact_sheet_screened_not_approved","See ANATOMY-AUDIT.md for flagged depictions and replacement status"
"app/assets/movements/backpack-squat-realistic.webp","contact_sheet_screened_not_approved","See ANATOMY-AUDIT.md for flagged depictions and replacement status"
"app/assets/movements/bag-work-realistic-f.webp","contact_sheet_screened_not_approved","See ANATOMY-AUDIT.md for flagged depictions and replacement status"
"app/assets/movements/bag-work-realistic.webp","contact_sheet_screened_not_approved","See ANATOMY-AUDIT.md for flagged depictions and replacement status"
"app/assets/movements/band-curl-realistic-f.webp","contact_sheet_screened_not_approved","See ANATOMY-AUDIT.md for flagged depictions and replacement status"
"app/assets/movements/band-curl-realistic.webp","contact_sheet_screened_not_approved","See ANATOMY-AUDIT.md for flagged depictions and replacement status"
"app/assets/movements/band-row-realistic-f.webp","contact_sheet_screened_not_approved","See ANATOMY-AUDIT.md for flagged depictions and replacement status"
"app/assets/movements/band-row-realistic.webp","contact_sheet_screened_not_approved","See ANATOMY-AUDIT.md for flagged depictions and replacement status"
"app/assets/movements/band-walk-realistic-f.webp","contact_sheet_screened_not_approved","See ANATOMY-AUDIT.md for flagged depictions and replacement status"
"app/assets/movements/band-walk-realistic.webp","contact_sheet_screened_not_approved","See ANATOMY-AUDIT.md for flagged depictions and replacement status"
"app/assets/movements/bear-crawl-realistic-f.webp","contact_sheet_screened_not_approved","See ANATOMY-AUDIT.md for flagged depictions and replacement status"
"app/assets/movements/bear-crawl-realistic.webp","contact_sheet_screened_not_approved","See ANATOMY-AUDIT.md for flagged depictions and replacement status"
"app/assets/movements/bench-press-realistic-f.webp","contact_sheet_screened_not_approved","See ANATOMY-AUDIT.md for flagged depictions and replacement status"
"app/assets/movements/bench-press-realistic.webp","contact_sheet_screened_not_approved","See ANATOMY-AUDIT.md for flagged depictions and replacement status"
"app/assets/movements/biceps-curl-realistic-f.webp","contact_sheet_screened_not_approved","See ANATOMY-AUDIT.md for flagged depictions and replacement status"
"app/assets/movements/biceps-curl-realistic.webp","contact_sheet_screened_not_approved","See ANATOMY-AUDIT.md for flagged depictions and replacement status"
"app/assets/movements/bike-realistic-f.webp","contact_sheet_screened_not_approved","See ANATOMY-AUDIT.md for flagged depictions and replacement status"
"app/assets/movements/bike-realistic.webp","contact_sheet_screened_not_approved","See ANATOMY-AUDIT.md for flagged depictions and replacement status"
"app/assets/movements/bird-dog-realistic-f.webp","contact_sheet_screened_not_approved","See ANATOMY-AUDIT.md for flagged depictions and replacement status"
"app/assets/movements/bird-dog-realistic.webp","contact_sheet_screened_not_approved","See ANATOMY-AUDIT.md for flagged depictions and replacement status"
"app/assets/movements/body-shots-realistic-f.webp","contact_sheet_screened_not_approved","See ANATOMY-AUDIT.md for flagged depictions and replacement status"
"app/assets/movements/body-shots-realistic.webp","contact_sheet_screened_not_approved","See ANATOMY-AUDIT.md for flagged depictions and replacement status"
"app/assets/movements/bottle-carry-realistic-f.webp","contact_sheet_screened_not_approved","See ANATOMY-AUDIT.md for flagged depictions and replacement status"
"app/assets/movements/bottle-carry-realistic.webp","contact_sheet_screened_not_approved","See ANATOMY-AUDIT.md for flagged depictions and replacement status"
"app/assets/movements/bottle-curl-realistic-f.webp","contact_sheet_screened_not_approved","See ANATOMY-AUDIT.md for flagged depictions and replacement status"
"app/assets/movements/bottle-curl-realistic.webp","contact_sheet_screened_not_approved","See ANATOMY-AUDIT.md for flagged depictions and replacement status"
"app/assets/movements/bottle-raise-realistic-f.webp","contact_sheet_screened_not_approved","See ANATOMY-AUDIT.md for flagged depictions and replacement status"
"app/assets/movements/bottle-raise-realistic.webp","contact_sheet_screened_not_approved","See ANATOMY-AUDIT.md for flagged depictions and replacement status"
"app/assets/movements/breakfall-realistic.webp","contact_sheet_screened_not_approved","See ANATOMY-AUDIT.md for flagged depictions and replacement status"
"app/assets/movements/bridge-march-realistic.webp","contact_sheet_screened_not_approved","See ANATOMY-AUDIT.md for flagged depictions and replacement status"
"app/assets/movements/bridge-realistic-f.webp","contact_sheet_screened_not_approved","See ANATOMY-AUDIT.md for flagged depictions and replacement status"
"app/assets/movements/bridge-realistic.webp","contact_sheet_screened_not_approved","See ANATOMY-AUDIT.md for flagged depictions and replacement status"
"app/assets/movements/bridge-roll-realistic.webp","contact_sheet_screened_not_approved","See ANATOMY-AUDIT.md for flagged depictions and replacement status"
"app/assets/movements/bulgarian-split-realistic-f.webp","contact_sheet_screened_not_approved","See ANATOMY-AUDIT.md for flagged depictions and replacement status"
"app/assets/movements/bulgarian-split-realistic.webp","contact_sheet_screened_not_approved","See ANATOMY-AUDIT.md for flagged depictions and replacement status"
"app/assets/movements/burpee-realistic-f.webp","contact_sheet_screened_not_approved","See ANATOMY-AUDIT.md for flagged depictions and replacement status"
"app/assets/movements/burpee-realistic.webp","contact_sheet_screened_not_approved","See ANATOMY-AUDIT.md for flagged depictions and replacement status"
"app/assets/movements/butt-kicks-realistic-f.webp","contact_sheet_screened_not_approved","See ANATOMY-AUDIT.md for flagged depictions and replacement status"
"app/assets/movements/butt-kicks-realistic.webp","contact_sheet_screened_not_approved","See ANATOMY-AUDIT.md for flagged depictions and replacement status"
"app/assets/movements/butterfly-stretch-realistic-f.webp","contact_sheet_screened_not_approved","See ANATOMY-AUDIT.md for flagged depictions and replacement status"
"app/assets/movements/butterfly-stretch-realistic.webp","contact_sheet_screened_not_approved","See ANATOMY-AUDIT.md for flagged depictions and replacement status"
"app/assets/movements/cable-kickback-realistic-f.webp","contact_sheet_screened_not_approved","See ANATOMY-AUDIT.md for flagged depictions and replacement status"
"app/assets/movements/cable-kickback-realistic.webp","contact_sheet_screened_not_approved","See ANATOMY-AUDIT.md for flagged depictions and replacement status"
"app/assets/movements/cable-row-realistic-f.webp","contact_sheet_screened_not_approved","See ANATOMY-AUDIT.md for flagged depictions and replacement status"
"app/assets/movements/cable-row-realistic.webp","contact_sheet_screened_not_approved","See ANATOMY-AUDIT.md for flagged depictions and replacement status"
"app/assets/movements/calf-realistic-f.webp","contact_sheet_screened_not_approved","See ANATOMY-AUDIT.md for flagged depictions and replacement status"
"app/assets/movements/calf-realistic.webp","contact_sheet_screened_not_approved","See ANATOMY-AUDIT.md for flagged depictions and replacement status"
"app/assets/movements/calf-stretch-realistic-f.webp","contact_sheet_screened_not_approved","See ANATOMY-AUDIT.md for flagged depictions and replacement status"
"app/assets/movements/calf-stretch-realistic.webp","contact_sheet_screened_not_approved","See ANATOMY-AUDIT.md for flagged depictions and replacement status"
"app/assets/movements/carry-realistic-f.webp","contact_sheet_screened_not_approved","See ANATOMY-AUDIT.md for flagged depictions and replacement status"
"app/assets/movements/carry-realistic.webp","contact_sheet_screened_not_approved","See ANATOMY-AUDIT.md for flagged depictions and replacement status"
"app/assets/movements/chair-rise-realistic-f.webp","contact_sheet_screened_not_approved","See ANATOMY-AUDIT.md for flagged depictions and replacement status"
"app/assets/movements/chair-rise-realistic.webp","contact_sheet_screened_not_approved","See ANATOMY-AUDIT.md for flagged depictions and replacement status"
"app/assets/movements/chamber-hold-realistic.webp","contact_sheet_screened_not_approved","See ANATOMY-AUDIT.md for flagged depictions and replacement status"
"app/assets/movements/check-realistic-f.webp","contact_sheet_screened_not_approved","See ANATOMY-AUDIT.md for flagged depictions and replacement status"
"app/assets/movements/check-realistic.webp","contact_sheet_screened_not_approved","See ANATOMY-AUDIT.md for flagged depictions and replacement status"
"app/assets/movements/chest-machine-realistic-f.webp","contact_sheet_screened_not_approved","See ANATOMY-AUDIT.md for flagged depictions and replacement status"
"app/assets/movements/chest-machine-realistic.webp","contact_sheet_screened_not_approved","See ANATOMY-AUDIT.md for flagged depictions and replacement status"
"app/assets/movements/chest-stretch-realistic-f.webp","contact_sheet_screened_not_approved","See ANATOMY-AUDIT.md for flagged depictions and replacement status"
"app/assets/movements/chest-stretch-realistic.webp","contact_sheet_screened_not_approved","See ANATOMY-AUDIT.md for flagged depictions and replacement status"
"app/assets/movements/clamshell-realistic-f.webp","contact_sheet_screened_not_approved","See ANATOMY-AUDIT.md for flagged depictions and replacement status"
"app/assets/movements/clamshell-realistic.webp","contact_sheet_screened_not_approved","See ANATOMY-AUDIT.md for flagged depictions and replacement status"
"app/assets/movements/clinch-knees-realistic.webp","contact_sheet_screened_not_approved","See ANATOMY-AUDIT.md for flagged depictions and replacement status"
"app/assets/movements/cossack-realistic.webp","contact_sheet_screened_not_approved","See ANATOMY-AUDIT.md for flagged depictions and replacement status"
"app/assets/movements/couch-stretch-realistic.webp","contact_sheet_screened_not_approved","See ANATOMY-AUDIT.md for flagged depictions and replacement status"
"app/assets/movements/cross-realistic.webp","contact_sheet_screened_not_approved","See ANATOMY-AUDIT.md for flagged depictions and replacement status"
"app/assets/movements/curtsy-lunge-realistic-f.webp","contact_sheet_screened_not_approved","See ANATOMY-AUDIT.md for flagged depictions and replacement status"
"app/assets/movements/curtsy-lunge-realistic.webp","contact_sheet_screened_not_approved","See ANATOMY-AUDIT.md for flagged depictions and replacement status"
"app/assets/movements/db-row-realistic-f.webp","contact_sheet_screened_not_approved","See ANATOMY-AUDIT.md for flagged depictions and replacement status"
"app/assets/movements/db-row-realistic.webp","contact_sheet_screened_not_approved","See ANATOMY-AUDIT.md for flagged depictions and replacement status"
"app/assets/movements/dead-bug-realistic-f.webp","contact_sheet_screened_not_approved","See ANATOMY-AUDIT.md for flagged depictions and replacement status"
"app/assets/movements/dead-bug-realistic.webp","contact_sheet_screened_not_approved","See ANATOMY-AUDIT.md for flagged depictions and replacement status"
"app/assets/movements/donkey-kick-realistic-f.webp","contact_sheet_screened_not_approved","See ANATOMY-AUDIT.md for flagged depictions and replacement status"
"app/assets/movements/donkey-kick-realistic.webp","contact_sheet_screened_not_approved","See ANATOMY-AUDIT.md for flagged depictions and replacement status"
"app/assets/movements/easy-run-realistic.webp","contact_sheet_screened_not_approved","See ANATOMY-AUDIT.md for flagged depictions and replacement status"
"app/assets/movements/elbows-realistic.webp","contact_sheet_screened_not_approved","See ANATOMY-AUDIT.md for flagged depictions and replacement status"
"app/assets/movements/fire-hydrant-realistic.webp","contact_sheet_screened_not_approved","See ANATOMY-AUDIT.md for flagged depictions and replacement status"
"app/assets/movements/floor-press-realistic-f.webp","contact_sheet_screened_not_approved","See ANATOMY-AUDIT.md for flagged depictions and replacement status"
"app/assets/movements/floor-press-realistic.webp","contact_sheet_screened_not_approved","See ANATOMY-AUDIT.md for flagged depictions and replacement status"
"app/assets/movements/frog-realistic.webp","contact_sheet_screened_not_approved","See ANATOMY-AUDIT.md for flagged depictions and replacement status"
"app/assets/movements/front-kick-realistic.webp","contact_sheet_screened_not_approved","See ANATOMY-AUDIT.md for flagged depictions and replacement status"
"app/assets/movements/front-split-slide-realistic.webp","contact_sheet_screened_not_approved","See ANATOMY-AUDIT.md for flagged depictions and replacement status"
"app/assets/movements/glute-stretch-realistic-f.webp","contact_sheet_screened_not_approved","See ANATOMY-AUDIT.md for flagged depictions and replacement status"
"app/assets/movements/glute-stretch-realistic.webp","contact_sheet_screened_not_approved","See ANATOMY-AUDIT.md for flagged depictions and replacement status"
"app/assets/movements/goblet-realistic-f.webp","contact_sheet_screened_not_approved","See ANATOMY-AUDIT.md for flagged depictions and replacement status"
"app/assets/movements/goblet-realistic.webp","contact_sheet_screened_not_approved","See ANATOMY-AUDIT.md for flagged depictions and replacement status"
"app/assets/movements/granby-roll-realistic.webp","contact_sheet_screened_not_approved","See ANATOMY-AUDIT.md for flagged depictions and replacement status"
"app/assets/movements/ground-strikes-realistic.webp","contact_sheet_screened_not_approved","See ANATOMY-AUDIT.md for flagged depictions and replacement status"
"app/assets/movements/gyaku-zuki-realistic.webp","contact_sheet_screened_not_approved","See ANATOMY-AUDIT.md for flagged depictions and replacement status"
"app/assets/movements/half-split-realistic-f.webp","contact_sheet_screened_not_approved","See ANATOMY-AUDIT.md for flagged depictions and replacement status"
"app/assets/movements/half-split-realistic.webp","contact_sheet_screened_not_approved","See ANATOMY-AUDIT.md for flagged depictions and replacement status"
"app/assets/movements/hammer-curl-realistic-f.webp","contact_sheet_screened_not_approved","See ANATOMY-AUDIT.md for flagged depictions and replacement status"
"app/assets/movements/hammer-curl-realistic.webp","contact_sheet_screened_not_approved","See ANATOMY-AUDIT.md for flagged depictions and replacement status"
"app/assets/movements/hamstring-stretch-realistic-f.webp","contact_sheet_screened_not_approved","See ANATOMY-AUDIT.md for flagged depictions and replacement status"
"app/assets/movements/hamstring-stretch-realistic.webp","contact_sheet_screened_not_approved","See ANATOMY-AUDIT.md for flagged depictions and replacement status"
"app/assets/movements/hand-release-press-realistic-f.webp","contact_sheet_screened_not_approved","See ANATOMY-AUDIT.md for flagged depictions and replacement status"
"app/assets/movements/hand-release-press-realistic.webp","contact_sheet_screened_not_approved","See ANATOMY-AUDIT.md for flagged depictions and replacement status"
"app/assets/movements/hard-run-realistic.webp","contact_sheet_screened_not_approved","See ANATOMY-AUDIT.md for flagged depictions and replacement status"
"app/assets/movements/heel-digs-realistic-f.webp","contact_sheet_screened_not_approved","See ANATOMY-AUDIT.md for flagged depictions and replacement status"
"app/assets/movements/heel-digs-realistic.webp","contact_sheet_screened_not_approved","See ANATOMY-AUDIT.md for flagged depictions and replacement status"
"app/assets/movements/heel-taps-realistic-f.webp","contact_sheet_screened_not_approved","See ANATOMY-AUDIT.md for flagged depictions and replacement status"
"app/assets/movements/heel-taps-realistic.webp","contact_sheet_screened_not_approved","See ANATOMY-AUDIT.md for flagged depictions and replacement status"
"app/assets/movements/high-kick-realistic.webp","contact_sheet_screened_not_approved","See ANATOMY-AUDIT.md for flagged depictions and replacement status"
"app/assets/movements/high-knees-realistic-f.webp","contact_sheet_screened_not_approved","See ANATOMY-AUDIT.md for flagged depictions and replacement status"
"app/assets/movements/high-knees-realistic.webp","contact_sheet_screened_not_approved","See ANATOMY-AUDIT.md for flagged depictions and replacement status"
"app/assets/movements/hill-sprint-realistic.webp","contact_sheet_screened_not_approved","See ANATOMY-AUDIT.md for flagged depictions and replacement status"
"app/assets/movements/hinge-realistic-f.webp","contact_sheet_screened_not_approved","See ANATOMY-AUDIT.md for flagged depictions and replacement status"
"app/assets/movements/hinge-realistic.webp","contact_sheet_screened_not_approved","See ANATOMY-AUDIT.md for flagged depictions and replacement status"
"app/assets/movements/hip-abduction-realistic-f.webp","contact_sheet_screened_not_approved","See ANATOMY-AUDIT.md for flagged depictions and replacement status"
"app/assets/movements/hip-abduction-realistic.webp","contact_sheet_screened_not_approved","See ANATOMY-AUDIT.md for flagged depictions and replacement status"
"app/assets/movements/hip-flexor-stretch-realistic-f.webp","contact_sheet_screened_not_approved","See ANATOMY-AUDIT.md for flagged depictions and replacement status"
"app/assets/movements/hip-flexor-stretch-realistic.webp","contact_sheet_screened_not_approved","See ANATOMY-AUDIT.md for flagged depictions and replacement status"
"app/assets/movements/hip-openers-realistic-f.webp","contact_sheet_screened_not_approved","See ANATOMY-AUDIT.md for flagged depictions and replacement status"
"app/assets/movements/hip-openers-realistic.webp","contact_sheet_screened_not_approved","See ANATOMY-AUDIT.md for flagged depictions and replacement status"
"app/assets/movements/hip-thrust-realistic-f.webp","contact_sheet_screened_not_approved","See ANATOMY-AUDIT.md for flagged depictions and replacement status"
"app/assets/movements/hip-thrust-realistic.webp","contact_sheet_screened_not_approved","See ANATOMY-AUDIT.md for flagged depictions and replacement status"
"app/assets/movements/horse-bow-realistic.webp","contact_sheet_screened_not_approved","See ANATOMY-AUDIT.md for flagged depictions and replacement status"
"app/assets/movements/horse-stance-realistic.webp","contact_sheet_screened_not_approved","See ANATOMY-AUDIT.md for flagged depictions and replacement status"
"app/assets/movements/inchworm-realistic-f.webp","contact_sheet_screened_not_approved","See ANATOMY-AUDIT.md for flagged depictions and replacement status"
"app/assets/movements/inchworm-realistic.webp","contact_sheet_screened_not_approved","See ANATOMY-AUDIT.md for flagged depictions and replacement status"
"app/assets/movements/incline-press-realistic-f.webp","contact_sheet_screened_not_approved","See ANATOMY-AUDIT.md for flagged depictions and replacement status"
"app/assets/movements/incline-press-realistic.webp","contact_sheet_screened_not_approved","See ANATOMY-AUDIT.md for flagged depictions and replacement status"
"app/assets/movements/jab-realistic-f.webp","contact_sheet_screened_not_approved","See ANATOMY-AUDIT.md for flagged depictions and replacement status"
"app/assets/movements/jab-realistic.webp","contact_sheet_screened_not_approved","See ANATOMY-AUDIT.md for flagged depictions and replacement status"
"app/assets/movements/jog-in-place-realistic.webp","contact_sheet_screened_not_approved","See ANATOMY-AUDIT.md for flagged depictions and replacement status"
"app/assets/movements/karate-blocks-realistic.webp","contact_sheet_screened_not_approved","See ANATOMY-AUDIT.md for flagged depictions and replacement status"
"app/assets/movements/kb-swing-realistic-f.webp","contact_sheet_screened_not_approved","See ANATOMY-AUDIT.md for flagged depictions and replacement status"
"app/assets/movements/kb-swing-realistic.webp","contact_sheet_screened_not_approved","See ANATOMY-AUDIT.md for flagged depictions and replacement status"
"app/assets/movements/knee-straight-realistic-f.webp","contact_sheet_screened_not_approved","See ANATOMY-AUDIT.md for flagged depictions and replacement status"
"app/assets/movements/knee-straight-realistic.webp","contact_sheet_screened_not_approved","See ANATOMY-AUDIT.md for flagged depictions and replacement status"
"app/assets/movements/kneeling-press-realistic-f.webp","contact_sheet_screened_not_approved","See ANATOMY-AUDIT.md for flagged depictions and replacement status"
"app/assets/movements/kneeling-press-realistic.webp","contact_sheet_screened_not_approved","See ANATOMY-AUDIT.md for flagged depictions and replacement status"
"app/assets/movements/lat-pull-realistic-f.webp","contact_sheet_screened_not_approved","See ANATOMY-AUDIT.md for flagged depictions and replacement status"
"app/assets/movements/lat-pull-realistic.webp","contact_sheet_screened_not_approved","See ANATOMY-AUDIT.md for flagged depictions and replacement status"
"app/assets/movements/lateral-lunge-realistic-f.webp","contact_sheet_screened_not_approved","See ANATOMY-AUDIT.md for flagged depictions and replacement status"
"app/assets/movements/lateral-lunge-realistic.webp","contact_sheet_screened_not_approved","See ANATOMY-AUDIT.md for flagged depictions and replacement status"
"app/assets/movements/lateral-raise-realistic-f.webp","contact_sheet_screened_not_approved","See ANATOMY-AUDIT.md for flagged depictions and replacement status"
"app/assets/movements/lateral-raise-realistic.webp","contact_sheet_screened_not_approved","See ANATOMY-AUDIT.md for flagged depictions and replacement status"
"app/assets/movements/lead-hook-realistic-f.webp","contact_sheet_screened_not_approved","See ANATOMY-AUDIT.md for flagged depictions and replacement status"
"app/assets/movements/lead-hook-realistic.webp","contact_sheet_screened_not_approved","See ANATOMY-AUDIT.md for flagged depictions and replacement status"
"app/assets/movements/leg-curl-realistic-f.webp","contact_sheet_screened_not_approved","See ANATOMY-AUDIT.md for flagged depictions and replacement status"
"app/assets/movements/leg-curl-realistic.webp","contact_sheet_screened_not_approved","See ANATOMY-AUDIT.md for flagged depictions and replacement status"
"app/assets/movements/leg-press-realistic-f.webp","contact_sheet_screened_not_approved","See ANATOMY-AUDIT.md for flagged depictions and replacement status"
"app/assets/movements/leg-press-realistic.webp","contact_sheet_screened_not_approved","See ANATOMY-AUDIT.md for flagged depictions and replacement status"
"app/assets/movements/leg-swings-front-realistic-f.webp","contact_sheet_screened_not_approved","See ANATOMY-AUDIT.md for flagged depictions and replacement status"
"app/assets/movements/leg-swings-front-realistic.webp","contact_sheet_screened_not_approved","See ANATOMY-AUDIT.md for flagged depictions and replacement status"
"app/assets/movements/leg-swings-side-realistic-f.webp","contact_sheet_screened_not_approved","See ANATOMY-AUDIT.md for flagged depictions and replacement status"
"app/assets/movements/leg-swings-side-realistic.webp","contact_sheet_screened_not_approved","See ANATOMY-AUDIT.md for flagged depictions and replacement status"
"app/assets/movements/level-change-realistic.webp","contact_sheet_screened_not_approved","See ANATOMY-AUDIT.md for flagged depictions and replacement status"
"app/assets/movements/lizard-realistic.webp","contact_sheet_screened_not_approved","See ANATOMY-AUDIT.md for flagged depictions and replacement status"
"app/assets/movements/low-kick-realistic-f.webp","contact_sheet_screened_not_approved","See ANATOMY-AUDIT.md for flagged depictions and replacement status"
"app/assets/movements/low-kick-realistic.webp","contact_sheet_screened_not_approved","See ANATOMY-AUDIT.md for flagged depictions and replacement status"
"app/assets/movements/march-realistic-f.webp","contact_sheet_screened_not_approved","See ANATOMY-AUDIT.md for flagged depictions and replacement status"
"app/assets/movements/march-realistic.webp","contact_sheet_screened_not_approved","See ANATOMY-AUDIT.md for flagged depictions and replacement status"
"app/assets/movements/mountain-climber-realistic-f.webp","contact_sheet_screened_not_approved","See ANATOMY-AUDIT.md for flagged depictions and replacement status"
"app/assets/movements/mountain-climber-realistic.webp","contact_sheet_screened_not_approved","See ANATOMY-AUDIT.md for flagged depictions and replacement status"
"app/assets/movements/mt-stance-realistic-f.webp","contact_sheet_screened_not_approved","See ANATOMY-AUDIT.md for flagged depictions and replacement status"
"app/assets/movements/mt-stance-realistic.webp","contact_sheet_screened_not_approved","See ANATOMY-AUDIT.md for flagged depictions and replacement status"
"app/assets/movements/oi-zuki-realistic.webp","contact_sheet_screened_not_approved","See ANATOMY-AUDIT.md for flagged depictions and replacement status"
"app/assets/movements/pancake-realistic.webp","contact_sheet_screened_not_approved","See ANATOMY-AUDIT.md for flagged depictions and replacement status"
"app/assets/movements/parry-realistic-f.webp","contact_sheet_screened_not_approved","See ANATOMY-AUDIT.md for flagged depictions and replacement status"
"app/assets/movements/parry-realistic.webp","contact_sheet_screened_not_approved","See ANATOMY-AUDIT.md for flagged depictions and replacement status"
"app/assets/movements/pivot-realistic-f.webp","contact_sheet_screened_not_approved","See ANATOMY-AUDIT.md for flagged depictions and replacement status"
"app/assets/movements/pivot-realistic.webp","contact_sheet_screened_not_approved","See ANATOMY-AUDIT.md for flagged depictions and replacement status"
"app/assets/movements/plank-realistic-f.webp","contact_sheet_screened_not_approved","See ANATOMY-AUDIT.md for flagged depictions and replacement status"
"app/assets/movements/plank-realistic.webp","contact_sheet_screened_not_approved","See ANATOMY-AUDIT.md for flagged depictions and replacement status"
"app/assets/movements/plank-tap-realistic-f.webp","contact_sheet_screened_not_approved","See ANATOMY-AUDIT.md for flagged depictions and replacement status"
"app/assets/movements/plank-tap-realistic.webp","contact_sheet_screened_not_approved","See ANATOMY-AUDIT.md for flagged depictions and replacement status"
"app/assets/movements/plank-up-down-realistic-f.webp","contact_sheet_screened_not_approved","See ANATOMY-AUDIT.md for flagged depictions and replacement status"
"app/assets/movements/plank-up-down-realistic.webp","contact_sheet_screened_not_approved","See ANATOMY-AUDIT.md for flagged depictions and replacement status"
"app/assets/movements/pnf-adductor-realistic.webp","contact_sheet_screened_not_approved","See ANATOMY-AUDIT.md for flagged depictions and replacement status"
"app/assets/movements/pnf-hamstring-realistic.webp","contact_sheet_screened_not_approved","See ANATOMY-AUDIT.md for flagged depictions and replacement status"
"app/assets/movements/prone-w-realistic-f.webp","contact_sheet_screened_not_approved","See ANATOMY-AUDIT.md for flagged depictions and replacement status"
"app/assets/movements/prone-w-realistic.webp","contact_sheet_screened_not_approved","See ANATOMY-AUDIT.md for flagged depictions and replacement status"
"app/assets/movements/pull-through-realistic-f.webp","contact_sheet_screened_not_approved","See ANATOMY-AUDIT.md for flagged depictions and replacement status"
"app/assets/movements/pull-through-realistic.webp","contact_sheet_screened_not_approved","See ANATOMY-AUDIT.md for flagged depictions and replacement status"
"app/assets/movements/punch-out-realistic.webp","contact_sheet_screened_not_approved","See ANATOMY-AUDIT.md for flagged depictions and replacement status"
"app/assets/movements/push-up-realistic-f.webp","contact_sheet_screened_not_approved","See ANATOMY-AUDIT.md for flagged depictions and replacement status"
"app/assets/movements/push-up-realistic.webp","contact_sheet_screened_not_approved","See ANATOMY-AUDIT.md for flagged depictions and replacement status"
"app/assets/movements/quad-stretch-realistic-f.webp","contact_sheet_screened_not_approved","See ANATOMY-AUDIT.md for flagged depictions and replacement status"
"app/assets/movements/quad-stretch-realistic.webp","contact_sheet_screened_not_approved","See ANATOMY-AUDIT.md for flagged depictions and replacement status"
"app/assets/movements/rapid-kicks-realistic.webp","contact_sheet_screened_not_approved","See ANATOMY-AUDIT.md for flagged depictions and replacement status"
"app/assets/movements/rdl-realistic-f.webp","contact_sheet_screened_not_approved","See ANATOMY-AUDIT.md for flagged depictions and replacement status"
"app/assets/movements/rdl-realistic.webp","contact_sheet_screened_not_approved","See ANATOMY-AUDIT.md for flagged depictions and replacement status"
"app/assets/movements/reverse-fly-realistic-f.webp","contact_sheet_screened_not_approved","See ANATOMY-AUDIT.md for flagged depictions and replacement status"
"app/assets/movements/reverse-fly-realistic.webp","contact_sheet_screened_not_approved","See ANATOMY-AUDIT.md for flagged depictions and replacement status"
"app/assets/movements/reverse-lunge-realistic-f.webp","contact_sheet_screened_not_approved","See ANATOMY-AUDIT.md for flagged depictions and replacement status"
"app/assets/movements/reverse-lunge-realistic.webp","contact_sheet_screened_not_approved","See ANATOMY-AUDIT.md for flagged depictions and replacement status"
"app/assets/movements/roll-realistic-f.webp","contact_sheet_screened_not_approved","See ANATOMY-AUDIT.md for flagged depictions and replacement status"
"app/assets/movements/roll-realistic.webp","contact_sheet_screened_not_approved","See ANATOMY-AUDIT.md for flagged depictions and replacement status"
"app/assets/movements/roundhouse-realistic-f.webp","contact_sheet_screened_not_approved","See ANATOMY-AUDIT.md for flagged depictions and replacement status"
"app/assets/movements/roundhouse-realistic.webp","contact_sheet_screened_not_approved","See ANATOMY-AUDIT.md for flagged depictions and replacement status"
"app/assets/movements/rower-realistic-f.webp","contact_sheet_screened_not_approved","See ANATOMY-AUDIT.md for flagged depictions and replacement status"
"app/assets/movements/rower-realistic.webp","contact_sheet_screened_not_approved","See ANATOMY-AUDIT.md for flagged depictions and replacement status"
"app/assets/movements/seated-calf-realistic-f.webp","contact_sheet_screened_not_approved","See ANATOMY-AUDIT.md for flagged depictions and replacement status"
"app/assets/movements/seated-calf-realistic.webp","contact_sheet_screened_not_approved","See ANATOMY-AUDIT.md for flagged depictions and replacement status"
"app/assets/movements/shadow-bounce-realistic-f.webp","contact_sheet_screened_not_approved","See ANATOMY-AUDIT.md for flagged depictions and replacement status"
"app/assets/movements/shadow-bounce-realistic.webp","contact_sheet_screened_not_approved","See ANATOMY-AUDIT.md for flagged depictions and replacement status"
"app/assets/movements/shoulder-press-realistic-f.webp","contact_sheet_screened_not_approved","See ANATOMY-AUDIT.md for flagged depictions and replacement status"
"app/assets/movements/shoulder-press-realistic.webp","contact_sheet_screened_not_approved","See ANATOMY-AUDIT.md for flagged depictions and replacement status"
"app/assets/movements/shoulder-roll-realistic-f.webp","contact_sheet_screened_not_approved","See ANATOMY-AUDIT.md for flagged depictions and replacement status"
"app/assets/movements/shoulder-roll-realistic.webp","contact_sheet_screened_not_approved","See ANATOMY-AUDIT.md for flagged depictions and replacement status"
"app/assets/movements/shrimp-realistic.webp","contact_sheet_screened_not_approved","See ANATOMY-AUDIT.md for flagged depictions and replacement status"
"app/assets/movements/side-kick-realistic.webp","contact_sheet_screened_not_approved","See ANATOMY-AUDIT.md for flagged depictions and replacement status"
"app/assets/movements/side-leg-realistic-f.webp","contact_sheet_screened_not_approved","See ANATOMY-AUDIT.md for flagged depictions and replacement status"
"app/assets/movements/side-leg-realistic.webp","contact_sheet_screened_not_approved","See ANATOMY-AUDIT.md for flagged depictions and replacement status"
"app/assets/movements/side-lying-raise-realistic-f.webp","contact_sheet_screened_not_approved","See ANATOMY-AUDIT.md for flagged depictions and replacement status"
"app/assets/movements/side-lying-raise-realistic.webp","contact_sheet_screened_not_approved","See ANATOMY-AUDIT.md for flagged depictions and replacement status"
"app/assets/movements/side-plank-realistic-f.webp","contact_sheet_screened_not_approved","See ANATOMY-AUDIT.md for flagged depictions and replacement status"
"app/assets/movements/side-plank-realistic.webp","contact_sheet_screened_not_approved","See ANATOMY-AUDIT.md for flagged depictions and replacement status"
"app/assets/movements/side-steps-realistic-f.webp","contact_sheet_screened_not_approved","See ANATOMY-AUDIT.md for flagged depictions and replacement status"
"app/assets/movements/side-steps-realistic.webp","contact_sheet_screened_not_approved","See ANATOMY-AUDIT.md for flagged depictions and replacement status"
"app/assets/movements/single-leg-bridge-realistic-f.webp","contact_sheet_screened_not_approved","See ANATOMY-AUDIT.md for flagged depictions and replacement status"
"app/assets/movements/single-leg-bridge-realistic.webp","contact_sheet_screened_not_approved","See ANATOMY-AUDIT.md for flagged depictions and replacement status"
"app/assets/movements/single-leg-rdl-realistic-f.webp","contact_sheet_screened_not_approved","See ANATOMY-AUDIT.md for flagged depictions and replacement status"
"app/assets/movements/single-leg-rdl-realistic.webp","contact_sheet_screened_not_approved","See ANATOMY-AUDIT.md for flagged depictions and replacement status"
"app/assets/movements/sit-out-realistic.webp","contact_sheet_screened_not_approved","See ANATOMY-AUDIT.md for flagged depictions and replacement status"
"app/assets/movements/skip-rope-realistic-f.webp","contact_sheet_screened_not_approved","See ANATOMY-AUDIT.md for flagged depictions and replacement status"
"app/assets/movements/skip-rope-realistic.webp","contact_sheet_screened_not_approved","See ANATOMY-AUDIT.md for flagged depictions and replacement status"
"app/assets/movements/slip-realistic-f.webp","contact_sheet_screened_not_approved","See ANATOMY-AUDIT.md for flagged depictions and replacement status"
"app/assets/movements/slip-realistic.webp","contact_sheet_screened_not_approved","See ANATOMY-AUDIT.md for flagged depictions and replacement status"
"app/assets/movements/slow-climber-realistic-f.webp","contact_sheet_screened_not_approved","See ANATOMY-AUDIT.md for flagged depictions and replacement status"
"app/assets/movements/slow-climber-realistic.webp","contact_sheet_screened_not_approved","See ANATOMY-AUDIT.md for flagged depictions and replacement status"
"app/assets/movements/snap-roundhouse-realistic.webp","contact_sheet_screened_not_approved","See ANATOMY-AUDIT.md for flagged depictions and replacement status"
"app/assets/movements/split-squat-realistic-f.webp","contact_sheet_screened_not_approved","See ANATOMY-AUDIT.md for flagged depictions and replacement status"
"app/assets/movements/split-squat-realistic.webp","contact_sheet_screened_not_approved","See ANATOMY-AUDIT.md for flagged depictions and replacement status"
"app/assets/movements/sprawl-realistic.webp","contact_sheet_screened_not_approved","See ANATOMY-AUDIT.md for flagged depictions and replacement status"
"app/assets/movements/sprint-realistic.webp","contact_sheet_screened_not_approved","See ANATOMY-AUDIT.md for flagged depictions and replacement status"
"app/assets/movements/squat-jump-realistic-f.webp","contact_sheet_screened_not_approved","See ANATOMY-AUDIT.md for flagged depictions and replacement status"
"app/assets/movements/squat-jump-realistic.webp","contact_sheet_screened_not_approved","See ANATOMY-AUDIT.md for flagged depictions and replacement status"
"app/assets/movements/squat-realistic-f.webp","contact_sheet_screened_not_approved","See ANATOMY-AUDIT.md for flagged depictions and replacement status"
"app/assets/movements/squat-realistic.webp","contact_sheet_screened_not_approved","See ANATOMY-AUDIT.md for flagged depictions and replacement status"
"app/assets/movements/squat-thrust-realistic-f.webp","contact_sheet_screened_not_approved","See ANATOMY-AUDIT.md for flagged depictions and replacement status"
"app/assets/movements/squat-thrust-realistic.webp","contact_sheet_screened_not_approved","See ANATOMY-AUDIT.md for flagged depictions and replacement status"
"app/assets/movements/stance-footwork-realistic-f.webp","contact_sheet_screened_not_approved","See ANATOMY-AUDIT.md for flagged depictions and replacement status"
"app/assets/movements/stance-footwork-realistic.webp","contact_sheet_screened_not_approved","See ANATOMY-AUDIT.md for flagged depictions and replacement status"
"app/assets/movements/stance-motion-realistic.webp","contact_sheet_screened_not_approved","See ANATOMY-AUDIT.md for flagged depictions and replacement status"
"app/assets/movements/standing-curl-realistic-f.webp","contact_sheet_screened_not_approved","See ANATOMY-AUDIT.md for flagged depictions and replacement status"
"app/assets/movements/standing-curl-realistic.webp","contact_sheet_screened_not_approved","See ANATOMY-AUDIT.md for flagged depictions and replacement status"
"app/assets/movements/star-jacks-realistic-f.webp","contact_sheet_screened_not_approved","See ANATOMY-AUDIT.md for flagged depictions and replacement status"
"app/assets/movements/star-jacks-realistic.webp","contact_sheet_screened_not_approved","See ANATOMY-AUDIT.md for flagged depictions and replacement status"
"app/assets/movements/step-burpee-realistic-f.webp","contact_sheet_screened_not_approved","See ANATOMY-AUDIT.md for flagged depictions and replacement status"
"app/assets/movements/step-burpee-realistic.webp","contact_sheet_screened_not_approved","See ANATOMY-AUDIT.md for flagged depictions and replacement status"
"app/assets/movements/step-jacks-realistic-f.webp","contact_sheet_screened_not_approved","See ANATOMY-AUDIT.md for flagged depictions and replacement status"
"app/assets/movements/step-jacks-realistic.webp","contact_sheet_screened_not_approved","See ANATOMY-AUDIT.md for flagged depictions and replacement status"
"app/assets/movements/step-up-realistic-f.webp","contact_sheet_screened_not_approved","See ANATOMY-AUDIT.md for flagged depictions and replacement status"
"app/assets/movements/step-up-realistic.webp","contact_sheet_screened_not_approved","See ANATOMY-AUDIT.md for flagged depictions and replacement status"
"app/assets/movements/straddle-slide-realistic.webp","contact_sheet_screened_not_approved","See ANATOMY-AUDIT.md for flagged depictions and replacement status"
"app/assets/movements/sumo-squat-realistic-f.webp","contact_sheet_screened_not_approved","See ANATOMY-AUDIT.md for flagged depictions and replacement status"
"app/assets/movements/sumo-squat-realistic.webp","contact_sheet_screened_not_approved","See ANATOMY-AUDIT.md for flagged depictions and replacement status"
"app/assets/movements/switch-kick-realistic-f.webp","contact_sheet_screened_not_approved","See ANATOMY-AUDIT.md for flagged depictions and replacement status"
"app/assets/movements/switch-kick-realistic.webp","contact_sheet_screened_not_approved","See ANATOMY-AUDIT.md for flagged depictions and replacement status"
"app/assets/movements/technical-standup-realistic.webp","contact_sheet_screened_not_approved","See ANATOMY-AUDIT.md for flagged depictions and replacement status"
"app/assets/movements/teep-realistic-f.webp","contact_sheet_screened_not_approved","See ANATOMY-AUDIT.md for flagged depictions and replacement status"
"app/assets/movements/teep-realistic.webp","contact_sheet_screened_not_approved","See ANATOMY-AUDIT.md for flagged depictions and replacement status"
"app/assets/movements/triceps-realistic-f.webp","contact_sheet_screened_not_approved","See ANATOMY-AUDIT.md for flagged depictions and replacement status"
"app/assets/movements/triceps-realistic.webp","contact_sheet_screened_not_approved","See ANATOMY-AUDIT.md for flagged depictions and replacement status"
"app/assets/movements/tuck-jump-realistic-f.webp","contact_sheet_screened_not_approved","See ANATOMY-AUDIT.md for flagged depictions and replacement status"
"app/assets/movements/tuck-jump-realistic.webp","contact_sheet_screened_not_approved","See ANATOMY-AUDIT.md for flagged depictions and replacement status"
"app/assets/movements/upper-back-stretch-realistic-f.webp","contact_sheet_screened_not_approved","See ANATOMY-AUDIT.md for flagged depictions and replacement status"
"app/assets/movements/upper-back-stretch-realistic.webp","contact_sheet_screened_not_approved","See ANATOMY-AUDIT.md for flagged depictions and replacement status"
"app/assets/movements/uppercut-realistic-f.webp","contact_sheet_screened_not_approved","See ANATOMY-AUDIT.md for flagged depictions and replacement status"
"app/assets/movements/uppercut-realistic.webp","contact_sheet_screened_not_approved","See ANATOMY-AUDIT.md for flagged depictions and replacement status"
"app/assets/movements/walk-realistic-f.webp","contact_sheet_screened_not_approved","See ANATOMY-AUDIT.md for flagged depictions and replacement status"
"app/assets/movements/walk-realistic.webp","contact_sheet_screened_not_approved","See ANATOMY-AUDIT.md for flagged depictions and replacement status"
"app/assets/movements/walking-lunge-realistic-f.webp","contact_sheet_screened_not_approved","See ANATOMY-AUDIT.md for flagged depictions and replacement status"
"app/assets/movements/walking-lunge-realistic.webp","contact_sheet_screened_not_approved","See ANATOMY-AUDIT.md for flagged depictions and replacement status"
"app/assets/movements/wall-press-realistic-f.webp","contact_sheet_screened_not_approved","See ANATOMY-AUDIT.md for flagged depictions and replacement status"
"app/assets/movements/wall-press-realistic.webp","contact_sheet_screened_not_approved","See ANATOMY-AUDIT.md for flagged depictions and replacement status"
"app/assets/movements/wall-sit-realistic-f.webp","contact_sheet_screened_not_approved","See ANATOMY-AUDIT.md for flagged depictions and replacement status"
"app/assets/movements/wall-sit-realistic.webp","contact_sheet_screened_not_approved","See ANATOMY-AUDIT.md for flagged depictions and replacement status"
"app/assets/movements/wall-slide-realistic-f.webp","contact_sheet_screened_not_approved","See ANATOMY-AUDIT.md for flagged depictions and replacement status"
"app/assets/movements/wall-slide-realistic.webp","contact_sheet_screened_not_approved","See ANATOMY-AUDIT.md for flagged depictions and replacement status"
"app/assets/movements/zenkutsu-realistic.webp","contact_sheet_screened_not_approved","See ANATOMY-AUDIT.md for flagged depictions and replacement status"
"app/assets/fight-hub-logo.png","contact_sheet_screened_not_approved","See ANATOMY-AUDIT.md for flagged depictions and replacement status"
"app/icons/apple-touch-icon.png","contact_sheet_screened_not_approved","See ANATOMY-AUDIT.md for flagged depictions and replacement status"
"app/icons/icon-192.png","contact_sheet_screened_not_approved","See ANATOMY-AUDIT.md for flagged depictions and replacement status"
"app/icons/icon-512.png","contact_sheet_screened_not_approved","See ANATOMY-AUDIT.md for flagged depictions and replacement status"
"app/icons/icon-maskable-512.png","contact_sheet_screened_not_approved","See ANATOMY-AUDIT.md for flagged depictions and replacement status"
"source-art/arts/judo.png","contact_sheet_screened_not_approved","See ANATOMY-AUDIT.md for flagged depictions and replacement status"
"source-art/arts/kung-fu.png","contact_sheet_screened_not_approved","See ANATOMY-AUDIT.md for flagged depictions and replacement status"
"source-art/arts/taekwondo.png","contact_sheet_screened_not_approved","See ANATOMY-AUDIT.md for flagged depictions and replacement status"
"source-art/arts/wrestling.png","contact_sheet_screened_not_approved","See ANATOMY-AUDIT.md for flagged depictions and replacement status"
